Min_Levenshtein,Avg_BLOSUM62
4.0,34.404340434043405
5.0,27.67126712671267
7.0,35.20592059205921
4.0,27.228822882288227
5.0,32.66256625662566
4.0,27.981998199819984
7.0,35.36613661366137
6.0,26.943094309430943
9.0,34.227022702270226
4.0,30.25812581258126
4.0,27.77027702770277
7.0,38.66626662666267
4.0,30.48124812481248
8.0,36.08540854085408
7.0,37.73807380738074
6.0,35.16911691169117
7.0,33.177717771777175
5.0,32.887688768876885
7.0,34.17031703170317
5.0,31.223022302230223
6.0,37.915491549154915
5.0,30.72317231723172
5.0,32.08880888088809
8.0,41.08850885088509
4.0,29.83918391839184
5.0,32.106710671067106
9.0,38.495649564956494
5.0,36.66996699669967
7.0,36.24582458245825
7.0,36.05190519051905
7.0,36.50975097509751
4.0,33.032003200320034
8.0,39.999599959996
7.0,35.15381538153815
6.0,33.3966396639664
5.0,31.034803480348035
6.0,33.786878687868786
7.0,34.903990399039905
9.0,41.86578657865787
5.0,30.395639563956397
4.0,31.802780278027804
5.0,28.924292429242925
6.0,33.67846784678468
8.0,39.14631463146315
7.0,38.685568556855685
8.0,36.785578557855786
8.0,38.08550855085509
8.0,40.04620462046205
3.0,29.77837783778378
3.0,26.465946594659467
5.0,31.877087708770876
4.0,27.39323932393239
4.0,30.13131313131313
9.0,38.76647664766477
5.0,31.506550655065507
5.0,31.407740774077407
4.0,28.23812381238124
6.0,33.81308130813081
4.0,27.538453845384538
6.0,35.266926692669266
5.0,29.418441844184418
5.0,32.44194419441944
5.0,27.68896889688969
7.0,35.30843084308431
3.0,26.67066706670667
5.0,32.47304730473047
4.0,27.578757875787577
8.0,38.07620762076208
6.0,34.08110811081108
6.0,33.467046704670466
8.0,38.31333133313331
4.0,27.81158115811581
9.0,41.916091609160915
6.0,35.99119911991199
7.0,37.43884388438844
6.0,34.08910891089109
10.0,40.234023402340235
7.0,35.81318131813181
5.0,27.039103910391038
7.0,30.26852685268527
6.0,34.33453345334534
9.0,38.05140514051405
9.0,40.92379237923792
7.0,34.65796579657966
8.0,37.82768276827683
8.0,40.96499649964996
4.0,28.859585958595858
9.0,39.15721572157216
8.0,38.640564056405644
4.0,28.67066706670667
6.0,31.163716371637165
8.0,40.606560656065604
10.0,40.69096909690969
6.0,32.2015201520152
4.0,26.644064406440645
8.0,37.15391539153915
6.0,35.013601360136015
4.0,28.994899489948995
8.0,38.442844284428446
5.0,30.895189518951895
7.0,39.405640564056405
5.0,28.783178317831783
7.0,36.24582458245825
6.0,32.358135813581356
6.0,35.05210521052105
6.0,34.843984398439844
8.0,40.13991399139914
4.0,29.018201820182018
9.0,39.999099909990996
7.0,33.929392939293926
9.0,37.28682868286829
6.0,36.36733673367337
4.0,28.49054905490549
6.0,32.96519651965197
5.0,33.35193519351935
4.0,30.868486848684867
8.0,40.42744274427443
5.0,28.83098309830983
7.0,38.25472547254726
6.0,37.17661766176618
6.0,35.95029502950295
5.0,30.527052705270528
9.0,37.24442444244424
8.0,38.27822782278228
4.0,28.345634563456347
9.0,40.885788578857884
7.0,37.83978397839784
4.0,29.773177317731772
9.0,40.39193919391939
8.0,37.537953795379536
9.0,41.2964296429643
6.0,32.494149414941496
8.0,37.14551455145514
6.0,35.774877487748775
8.0,39.97339733973397
4.0,28.62956295629563
9.0,37.446144614461446
5.0,31.898889888988897
5.0,33.154115411541156
7.0,37.46904690469047
7.0,37.485448544854485
5.0,31.445944594459444
4.0,29.883588358835883
9.0,41.4979497949795
7.0,35.65786578657866
4.0,25.842484248424842
9.0,38.73967396739674
6.0,33.85698569856986
5.0,31.896389638963896
4.0,30.346134613461345
7.0,38.15181518151815
8.0,35.51605160516051
6.0,37.71297129712971
8.0,41.23742374237424
6.0,34.69326932693269
7.0,36.995599559956
5.0,30.748074807480748
6.0,33.72657265726573
8.0,35.93949394939494
8.0,42.00770077007701
5.0,30.92209220922092
6.0,36.25892589258926
7.0,38.16771677167717
4.0,27.172117211721172
6.0,33.189018901890186
4.0,28.414141414141415
7.0,34.173917391739174
8.0,40.173817381738175
6.0,35.78517851785178
7.0,36.98339833983398
8.0,39.22182218221822
8.0,39.72187218721872
5.0,28.4988498849885
4.0,26.364636463646363
5.0,32.87338733873387
6.0,35.121212121212125
8.0,36.20962096209621
6.0,30.50855085508551
5.0,33.04980498049805
5.0,29.908390839083907
5.0,35.923692369236925
5.0,31.886288628862886
5.0,33.106010601060106
9.0,38.54885488548855
7.0,33.638663866386636
7.0,38.97889788978898
8.0,37.76037603760376
4.0,26.964696469646963
6.0,36.52445244524453
8.0,41.32053205320532
4.0,27.935493549354934
5.0,25.36023602360236
5.0,34.23232323232323
10.0,36.895089508950896
8.0,37.803380338033804
4.0,26.875687568756877
4.0,22.814081408140815
4.0,28.6022602260226
4.0,29.94849484948495
9.0,37.55085508550855
4.0,28.966696669666966
5.0,31.346634663466347
6.0,32.01440144014401
3.0,27.1997199719972
7.0,36.947194719471945
8.0,37.813381338133816
8.0,36.37973797379738
8.0,38.026402640264024
6.0,36.437443744374434
7.0,35.424742474247424
5.0,32.167516751675166
5.0,33.8991899189919
6.0,35.03970397039704
8.0,38.014801480148016
8.0,37.33113311331133
7.0,30.905290529052905
3.0,31.87818781878188
4.0,26.224722472247226
4.0,25.615361536153614
9.0,40.07270727072707
8.0,38.7009700970097
4.0,28.746974697469746
9.0,38.263726372637265
7.0,37.59255925592559
5.0,30.83048304830483
8.0,39.65246524652465
5.0,35.842484248424846
6.0,31.223122312231222
5.0,30.204720472047203
7.0,37.04240424042404
7.0,39.05890589058906
5.0,34.8010801080108
8.0,37.94919491949195
4.0,28.661966196619662
5.0,31.781678167816782
9.0,41.176517651765174
5.0,32.263026302630266
9.0,41.01940194019402
4.0,26.9014901490149
4.0,32.311931193119314
9.0,39.84918491849185
6.0,31.386138613861387
8.0,40.48054805480548
8.0,34.45954595459546
7.0,39.478547854785475
4.0,27.199019901990198
6.0,34.11531153115312
5.0,27.162916291629163
4.0,32.582858285828586
8.0,38.27762776277628
8.0,38.406340634063405
3.0,28.944094409440943
7.0,41.24812481248125
6.0,35.649464946494646
3.0,29.138513851385138
7.0,34.45974597459746
8.0,37.03080308030803
6.0,38.062906290629066
7.0,34.69266926692669
5.0,28.65776577657766
7.0,34.1984198419842
5.0,33.82388238823882
9.0,41.44504450445044
9.0,37.90979097909791
5.0,30.94009400940094
8.0,38.806580658065805
8.0,42.35793579357936
4.0,27.946494649464945
7.0,40.57255725572557
4.0,27.842484248424842
5.0,30.417941794179416
6.0,34.51245124512451
7.0,37.320732073207324
4.0,29.586758675867586
4.0,31.84908490849085
4.0,28.894889488948895
8.0,38.032603260326034
6.0,37.013501350135016
4.0,30.458045804580458
7.0,37.42874287428743
5.0,33.25702570257026
8.0,38.92129212921292
8.0,35.09420942094209
5.0,27.512851285128512
5.0,30.742774277427742
6.0,37.155615561556154
5.0,30.265026502650265
7.0,36.38563856385638
6.0,32.73277327732773
7.0,33.889488948894886
9.0,38.62556255625562
7.0,39.805880588058805
6.0,32.806580658065805
6.0,31.998199819982
4.0,26.675467546754675
5.0,27.058505850585057
8.0,36.97029702970297
4.0,31.335033503350335
4.0,27.914791479147915
5.0,32.560756075607564
8.0,36.32213221322132
4.0,28.305430543054307
3.0,28.933393339333932
7.0,35.6959695969597
9.0,40.664666466646665
8.0,38.92209220922092
6.0,32.21412141214122
4.0,26.39053905390539
5.0,27.874187418741876
6.0,31.253825382538253
6.0,35.41024102410241
8.0,38.3040304030403
4.0,31.513151315131513
5.0,35.414541454145414
6.0,34.06150615061506
3.0,27.59005900590059
6.0,33.717871787178716
8.0,38.47004700470047
4.0,26.386338633863385
7.0,37.341634163416344
7.0,37.321432143214324
8.0,32.806580658065805
9.0,35.61126112611261
9.0,38.51055105510551
4.0,26.992499249924993
7.0,37.123112311231125
9.0,40.02770277027703
6.0,35.60806080608061
6.0,32.73407340734074
7.0,35.426042604260424
4.0,27.742774277427742
5.0,31.003000300030003
9.0,41.61996199619962
7.0,38.071807180718075
6.0,35.346834683468344
6.0,33.32923292329233
8.0,40.54195419541954
6.0,34.796979697969796
7.0,35.70797079707971
8.0,38.22022202220222
4.0,26.655065506550656
5.0,28.325832583258325
8.0,37.993999399939995
6.0,33.42254225422542
6.0,36.79207920792079
8.0,39.922892289228926
4.0,31.256425642564256
5.0,28.755675567556757
8.0,37.07360736073608
9.0,39.475847584758476
9.0,40.4999499949995
6.0,34.427842784278425
8.0,36.24992499249925
6.0,38.4032403240324
7.0,37.54955495549555
5.0,34.652565256525655
5.0,35.09070907090709
6.0,35.228922892289226
8.0,36.094009400940095
9.0,37.607660766076606
8.0,40.93869386938694
8.0,34.87928792879288
7.0,39.10781078107811
4.0,28.405640564056405
5.0,32.41784178417842
7.0,40.26032603260326
4.0,31.982998299829983
7.0,37.1963196319632
5.0,32.02920292029203
7.0,35.734373437343734
9.0,41.14491449144914
3.0,29.623662366236623
4.0,29.23822382238224
9.0,37.588058805880586
4.0,26.824482448244826
6.0,33.81368136813681
4.0,27.93899389938994
5.0,27.61876187618762
7.0,34.65806580658066
4.0,28.315431543154315
8.0,34.72717271727173
9.0,40.62976297629763
7.0,38.385438543854384
7.0,36.42374237423742
5.0,28.483048304830483
4.0,28.103010301030103
7.0,37.09200920092009
7.0,35.264326432643266
4.0,29.836483648364837
4.0,28.663166316631663
6.0,32.12921292129213
6.0,35.52095209520952
7.0,36.85628562856286
6.0,30.91099109910991
9.0,38.95069506950695
8.0,36.69266926692669
4.0,26.504150415041504
8.0,40.09070907090709
8.0,37.5995599559956
5.0,31.655365536553656
8.0,39.845884588458844
8.0,36.641164116411645
6.0,30.875587558755875
4.0,29.55255525552555
4.0,32.92119211921192
7.0,34.75897589758976
5.0,30.393639363936394
8.0,39.83968396839684
7.0,36.45894589458946
6.0,35.817281728172816
5.0,34.09300930093009
8.0,40.817381738173815
7.0,33.62116211621162
8.0,39.89278927892789
9.0,36.617761776177616
7.0,38.543554355435546
8.0,37.43504350435043
6.0,29.556355635563555
5.0,30.502050205020502
5.0,29.84678467846785
9.0,39.53525352535254
4.0,28.745974597459746
9.0,36.953295329532956
6.0,36.54055405540554
8.0,36.81028102810281
9.0,38.67576757675768
9.0,38.35203520352035
7.0,37.46814681468147
4.0,30.335033503350335
9.0,39.90769076907691
5.0,30.92979297929793
5.0,32.8006800680068
7.0,33.12871287128713
8.0,37.729272927292726
6.0,36.974997499749975
5.0,32.139013901390136
9.0,41.06090609060906
6.0,34.14941494149415
8.0,38.71677167716771
9.0,39.781778177817785
9.0,40.12681268126813
7.0,36.53195319531953
5.0,32.16891689168917
6.0,33.36353635363536
6.0,35.86758675867587
7.0,37.13421342134213
6.0,36.12201220122012
5.0,30.398239823982397
5.0,30.88058805880588
9.0,42.41074107410741
6.0,34.862786278627865
5.0,34.221922192219225
9.0,38.064806480648066
8.0,37.805980598059804
5.0,30.634763476347636
5.0,27.026602660266025
5.0,32.39183918391839
4.0,28.257325732573257
7.0,38.82148214821482
4.0,26.103410341034103
6.0,33.88898889888989
7.0,33.9011901190119
5.0,33.85838583858386
7.0,40.135213521352135
4.0,28.346834683468348
3.0,30.295829582958294
9.0,38.37813781378138
6.0,32.05380538053805
7.0,35.85448544854486
8.0,39.03740374037404
7.0,36.68986898689869
6.0,34.642464246424645
4.0,30.418541854185417
6.0,33.814881488148814
6.0,34.18831883188319
4.0,26.35753575357536
7.0,34.46234623462346
7.0,34.4970497049705
5.0,31.598359835983597
4.0,27.074907490749077
7.0,38.07860786078608
8.0,36.333933393339336
5.0,30.557255725572556
5.0,30.224822482248225
8.0,41.0982098209821
8.0,37.87198719871987
8.0,37.28762876287629
8.0,39.14741474147415
7.0,36.616661666166614
5.0,32.01460146014602
7.0,39.28502850285029
9.0,39.84608460846085
6.0,30.815881588158817
9.0,40.627262726272626
5.0,29.356535653565356
9.0,40.81558155815581
7.0,38.151615161516155
5.0,30.21792179217922
6.0,31.373937393739375
3.0,29.675567556755677
7.0,39.2005200520052
8.0,39.505150515051504
9.0,39.27142714271427
4.0,31.083108310831083
5.0,26.740774077407742
6.0,33.364536453645364
5.0,32.003700370037
5.0,29.827282728272827
7.0,36.2971297129713
5.0,34.95189518951895
4.0,28.49134913491349
7.0,33.17671767176718
8.0,39.503250325032504
4.0,30.686968696869688
5.0,31.462946294629464
4.0,28.28852885288529
9.0,41.72577257725773
4.0,27.1976197619762
5.0,30.04170417041704
4.0,26.839283928392838
6.0,36.57715771577158
4.0,30.905490549054907
7.0,36.447544754475445
6.0,36.21092109210921
6.0,33.66136613661366
8.0,37.911591159115915
8.0,38.437443744374434
7.0,34.97609760976098
3.0,25.998599859985998
6.0,35.945994599459944
7.0,38.548154815481546
7.0,35.575457545754574
8.0,37.04370437043704
5.0,28.654465446544656
8.0,33.653865386538655
7.0,38.41024102410241
4.0,27.427742774277426
4.0,27.99039903990399
5.0,33.23992399239924
4.0,28.19041904190419
6.0,33.97279727972797
8.0,41.271927192719275
9.0,38.280228022802284
4.0,30.165916591659165
8.0,39.45714571457146
7.0,38.2993299329933
5.0,29.967496749674968
8.0,39.074307430743076
8.0,36.454945494549456
7.0,35.6971697169717
4.0,25.03190319031903
10.0,40.46084608460846
6.0,32.07480748074808
7.0,37.642364236423646
4.0,27.525252525252526
5.0,31.775077507750776
6.0,35.88878887888789
6.0,34.27552755275528
4.0,32.94119411941194
8.0,40.87528752875288
9.0,41.001100110011
7.0,37.279627962796276
5.0,32.11251125112511
8.0,37.86368636863686
6.0,32.205620562056204
6.0,30.51815181518152
3.0,23.11201120112011
4.0,24.465846584658465
5.0,31.586058605860586
6.0,35.43144314431443
5.0,32.4007400740074
4.0,29.988798879887987
7.0,37.997799779977996
9.0,37.43974397439744
8.0,39.914091409140916
6.0,33.59585958595859
4.0,27.545754575457547
7.0,38.265726572657265
4.0,29.31183118311831
6.0,32.004300430043
8.0,39.73157315731573
4.0,26.56775677567757
8.0,38.45964596459646
7.0,35.8029802980298
7.0,32.69286928692869
7.0,37.72107210721072
9.0,37.8995899589959
9.0,42.03530353035303
8.0,36.532253225322535
7.0,37.66946694669467
6.0,35.05040504050405
5.0,28.454645464546456
5.0,31.673867386738674
7.0,37.50675067506751
6.0,34.46614661466147
3.0,28.101510151015102
9.0,37.97779777977798
9.0,37.284628462846285
4.0,29.824382438243823
6.0,34.183818381838186
5.0,27.405140514051403
8.0,35.8990899089909
5.0,32.9019901990199
7.0,38.92349234923493
4.0,30.553655365536553
8.0,37.72397239723973
5.0,32.327732773277326
4.0,29.95849584958496
6.0,35.956095609560954
8.0,39.54025402540254
8.0,37.413941394139414
4.0,32.875687568756874
4.0,29.766776677667767
4.0,26.68296829682968
6.0,33.65436543654366
7.0,37.65676567656766
7.0,38.1045104510451
4.0,27.306230623062305
9.0,39.69086908690869
4.0,26.845484548454845
9.0,38.8009800980098
5.0,32.77877787778778
4.0,22.05020502050205
10.0,39.56695669566957
8.0,35.01960196019602
6.0,35.27112711271127
6.0,34.78057805780578
5.0,33.88148814881488
4.0,29.60866086608661
5.0,32.264326432643266
5.0,29.679067906790678
7.0,35.55735573557356
8.0,41.76437643764376
9.0,38.52575257525753
5.0,32.04070407040704
3.0,26.662866286628663
7.0,34.96779677967797
7.0,35.63156315631563
4.0,25.55155515551555
6.0,33.14141414141414
5.0,29.83128312831283
7.0,36.018101810181015
4.0,28.98839883988399
8.0,34.9023902390239
7.0,40.515851585158515
8.0,37.84368436843685
6.0,33.05990599059906
5.0,29.66886688668867
4.0,30.516351635163517
5.0,31.918491849184917
6.0,32.63316331633163
4.0,28.554855485548554
4.0,26.30853085308531
6.0,33.77077707770777
6.0,32.48814881488149
8.0,38.087108710871085
4.0,30.980798079807983
4.0,26.21822182218222
7.0,37.513351335133514
8.0,39.32033203320332
6.0,35.037103710371035
9.0,39.166216621662166
5.0,32.52845284528453
4.0,27.1007100710071
7.0,35.48364836483648
8.0,38.112411241124114
6.0,35.667166716671666
9.0,40.42974297429743
6.0,34.64256425642564
4.0,28.220822082208223
8.0,36.85578557855786
5.0,24.980798079807983
5.0,28.103410341034103
8.0,34.061106110611064
7.0,35.70697069706971
8.0,34.98089808980898
4.0,31.162916291629163
7.0,37.35483548354836
8.0,37.162916291629166
6.0,36.23172317231723
3.0,28.145514551455147
7.0,38.310631063106314
8.0,38.75417541754175
7.0,36.83728372837284
4.0,28.594159415941593
4.0,28.422442244224424
8.0,37.82088208820882
4.0,25.564356435643564
7.0,34.09430943094309
8.0,36.673367336733676
5.0,31.858385838583857
8.0,38.90969096909691
5.0,31.071107110711072
6.0,34.218221822182215
7.0,36.274427442744276
9.0,39.16151615161516
5.0,33.86048604860486
7.0,34.86128612861286
5.0,30.04120412041204
7.0,39.98419841984198
3.0,29.59205920592059
8.0,35.23132313231323
8.0,38.66106610661066
4.0,32.456345634563455
4.0,28.44004400440044
7.0,32.89188918891889
6.0,32.678567856785676
7.0,37.201720172017204
5.0,26.157315731573156
8.0,37.631763176317634
7.0,38.92509250925092
7.0,34.97059705970597
8.0,36.815481548154814
6.0,30.877387738773876
5.0,33.20592059205921
7.0,38.21112111211121
9.0,40.1009100910091
5.0,31.154115411541156
6.0,38.27152715271527
4.0,29.7003700370037
9.0,40.37993799379938
5.0,33.225022502250226
4.0,31.564556455645565
4.0,30.49024902490249
4.0,31.565756575657566
4.0,28.646664666466645
8.0,37.96209620962096
8.0,41.91849184918492
8.0,38.98659865986598
6.0,33.02940294029403
9.0,41.41914191419142
6.0,34.165616561656165
9.0,38.78927892789279
4.0,29.013001300130014
5.0,29.857685768576857
9.0,40.96829682968297
5.0,31.057605760576056
3.0,30.46714671467147
7.0,38.06220622062206
7.0,36.43954395439544
5.0,28.275927592759277
8.0,40.14001400140014
7.0,37.555055505550555
8.0,39.44084408440844
6.0,35.28222822282228
8.0,33.00870087008701
4.0,32.05320532053205
5.0,30.86158615861586
4.0,26.823982398239824
7.0,36.156815681568155
4.0,27.91799179917992
5.0,31.77907790779078
9.0,41.167516751675166
5.0,31.94099409940994
5.0,31.295829582958294
6.0,34.82818281828183
6.0,30.953495349534954
9.0,37.4028402840284
8.0,40.54415441544155
4.0,29.739573957395738
6.0,32.69016901690169
6.0,32.3982398239824
7.0,38.53035303530353
5.0,27.256725672567256
7.0,35.394939493949394
9.0,38.34963496349635
9.0,38.84728472847285
7.0,37.12471247124712
8.0,38.43994399439944
3.0,30.03930393039304
6.0,34.94289428942894
5.0,31.939993999399938
6.0,34.82568256825682
8.0,38.21102110211021
5.0,34.3033303330333
9.0,37.99179917991799
4.0,25.87148714871487
5.0,30.394539453945395
5.0,27.32163216321632
5.0,32.556355635563555
4.0,34.58715871587159
7.0,36.28362836283628
5.0,32.06390639063906
6.0,34.08000800080008
9.0,39.062906290629066
5.0,30.87268726872687
8.0,37.64796479647965
9.0,40.653865386538655
7.0,34.94969496949695
7.0,33.26712671267127
8.0,36.11591159115912
8.0,38.27232723272327
6.0,32.24812481248125
4.0,30.195819581958197
8.0,36.376437643764376
6.0,32.875587558755875
5.0,29.34963496349635
5.0,31.32783278327833
7.0,34.503750375037505
7.0,38.97809780978098
4.0,26.485548554855484
5.0,25.904190419041903
5.0,26.818681868186818
5.0,31.44324432443244
8.0,40.42004200420042
8.0,38.56795679567957
8.0,36.000400040004
6.0,31.88278827882788
6.0,33.056005600560056
8.0,41.33813381338134
6.0,34.87598759875988
7.0,34.03820382038204
4.0,28.625462546254624
5.0,29.39233923392339
5.0,29.829482948294828
5.0,29.84978497849785
7.0,34.85938593859386
5.0,30.565356535653564
7.0,37.910391039103914
7.0,38.76707670767077
9.0,36.736273627362735
4.0,26.29152915291529
6.0,35.88398839883988
8.0,38.457545754575456
5.0,32.81648164816482
8.0,42.154315431543154
7.0,33.883788378837885
4.0,30.33033303330333
9.0,40.047904790479045
8.0,39.54105410541054
5.0,27.513951395139514
6.0,33.264426442644265
6.0,32.704670467046704
7.0,37.916791679167915
8.0,42.882488248824885
6.0,35.02910291029103
7.0,36.52005200520052
6.0,33.896489648964895
5.0,32.521452145214525
8.0,36.995999599959994
4.0,29.18881888188819
4.0,27.83218321832183
4.0,29.971297129712973
8.0,38.25912591259126
4.0,31.15041504150415
4.0,26.98159815981598
5.0,32.457645764576455
3.0,27.72017201720172
8.0,41.03670367036704
6.0,34.094109410941094
7.0,34.53315331533153
5.0,33.46794679467947
10.0,38.896489648964895
6.0,34.6027602760276
8.0,39.97609760976098
4.0,28.05020502050205
5.0,28.183818381838183
6.0,31.907190719071906
8.0,36.43624362436243
4.0,28.501450145014502
6.0,37.48044804480448
7.0,39.07480748074808
4.0,25.898589858985897
5.0,31.538453845384538
7.0,35.93149314931493
8.0,34.87038703870387
6.0,35.323832383238326
9.0,39.22912291229123
6.0,33.2988298829883
6.0,34.76807680768077
5.0,29.025202520252027
9.0,41.194819481948194
4.0,29.82078207820782
4.0,28.703070307030703
5.0,32.118811881188115
6.0,35.42254225422542
4.0,33.15651565156516
9.0,36.58835883588359
8.0,38.96019601960196
8.0,41.38453845384539
6.0,38.097209720972096
4.0,26.34043404340434
6.0,35.797779777977794
6.0,34.92389238923892
5.0,27.446344634463447
6.0,32.62716271627163
6.0,31.68116811681168
5.0,31.975597559755975
5.0,32.4953495349535
5.0,32.4986498649865
9.0,40.988298829882986
5.0,28.558455845584557
8.0,37.4003400340034
4.0,27.65196519651965
6.0,31.703870387038705
4.0,27.60706070607061
4.0,27.445844584458445
7.0,37.815981598159816
5.0,30.647464746474647
3.0,28.64086408640864
4.0,30.40884088408841
5.0,33.24762476247625
9.0,40.02230223022302
3.0,26.16911691169117
4.0,27.624862486248624
5.0,32.14811481148115
5.0,32.295529552955294
7.0,35.12011201120112
5.0,31.634963496349634
4.0,30.56115611561156
5.0,31.508750875087507
4.0,26.635063506350637
6.0,35.21992199219922
4.0,30.393839383938396
5.0,33.379037903790376
6.0,33.703770377037706
6.0,34.64846484648465
4.0,28.84048404840484
6.0,29.606160616061604
4.0,28.06910691069107
7.0,35.605260526052604
8.0,39.62986298629863
9.0,41.9035903590359
5.0,29.026002600260025
7.0,37.52125212521252
7.0,38.10811081108111
7.0,34.6003600360036
3.0,27.452345234523452
7.0,39.177617761776176
4.0,30.214521452145213
6.0,30.43154315431543
7.0,32.11221122112211
8.0,38.042104210421044
6.0,32.793179317931795
4.0,26.531153115311533
4.0,29.997299729972998
9.0,41.59465946594659
9.0,37.25022502250225
8.0,35.03120312031203
5.0,29.364036403640362
8.0,39.35103510351035
6.0,33.477247724772475
9.0,39.534153415341535
4.0,28.174217421742174
9.0,38.607160716071604
5.0,28.85048504850485
6.0,33.993799379938
6.0,32.94239423942394
4.0,31.055205520552054
7.0,37.61286128612861
4.0,26.907690769076908
7.0,35.632963296329635
6.0,31.24732473247325
7.0,35.55925592559256
6.0,34.632363236323634
7.0,39.765476547654764
7.0,37.59225922592259
7.0,33.604460446044605
4.0,26.78967896789679
6.0,33.96019601960196
7.0,37.936493649364934
6.0,30.016001600160017
7.0,33.488048804880485
8.0,37.217021702170214
7.0,34.61216121612161
7.0,35.504350435043506
7.0,39.25652565256526
8.0,39.776077607760776
5.0,34.43204320432043
9.0,40.09490949094909
5.0,28.293929392939294
6.0,34.34213421342134
6.0,37.41074107410741
5.0,31.075607560756076
4.0,27.234523452345236
5.0,30.88918891889189
8.0,40.568456845684565
9.0,38.387238723872386
8.0,41.002100210021005
6.0,31.07970797079708
9.0,41.18831883188319
6.0,33.44534453445345
5.0,26.884188418841884
7.0,34.85928592859286
3.0,26.76177617761776
7.0,38.453045304530455
7.0,36.30593059305931
9.0,38.7042704270427
8.0,39.26002600260026
4.0,27.755775577557756
8.0,41.28372837283728
5.0,30.1988198819882
9.0,41.468346834683466
9.0,40.11951195119512
4.0,28.674367436743676
5.0,30.999799979998
7.0,39.67776777677768
4.0,29.96109610961096
7.0,37.92859285928593
4.0,24.233723372337234
5.0,32.48314831483148
7.0,37.21062106210621
8.0,37.25942594259426
9.0,41.83108310831083
4.0,32.61196119611961
8.0,38.90859085908591
4.0,28.767376737673768
9.0,38.47064706470647
7.0,36.644464446444644
6.0,29.25942594259426
4.0,27.88098809880988
8.0,39.13911391139114
5.0,30.635763576357636
5.0,31.75687568756876
9.0,40.493649364936495
3.0,28.676967696769676
5.0,29.25132513251325
6.0,34.033803380338036
6.0,31.988798879887987
6.0,34.33503350335034
7.0,38.28692869286929
5.0,32.33083308330833
6.0,34.745874587458744
5.0,31.287128712871286
8.0,38.36223622362236
4.0,28.335933593359336
7.0,38.93959395939594
4.0,27.553955395539553
5.0,30.904590459045906
6.0,35.151715171517154
6.0,32.46864686468647
8.0,39.78607860786079
7.0,34.01700170017002
5.0,29.676967696769676
7.0,36.885588558855886
5.0,25.895889588958894
4.0,32.415841584158414
6.0,36.99409940994099
6.0,35.71897189718972
8.0,37.66116611661166
4.0,28.81098109810981
4.0,26.803780378037803
3.0,29.746474647464748
5.0,33.117011701170114
8.0,35.44604460446045
4.0,29.302530253025303
4.0,32.615861586158616
6.0,35.45224522452245
8.0,38.67636763676368
5.0,29.819381938193818
7.0,38.28952895289529
9.0,40.574157415741574
8.0,37.78847884788479
6.0,32.645564556455646
6.0,35.06570657065706
5.0,31.75877587758776
7.0,36.227622762276226
9.0,37.94739473947395
6.0,34.712171217121714
8.0,38.06700670067007
6.0,33.736373637363734
7.0,37.03300330033003
4.0,27.425142514251426
6.0,31.912991299129914
7.0,36.93219321932193
7.0,37.13831383138314
5.0,29.80878087808781
8.0,39.05120512051205
5.0,30.685168516851686
5.0,33.25402540254026
5.0,30.68896889688969
5.0,29.6979697969797
4.0,29.804980498049805
7.0,37.80958095809581
5.0,32.97739773977398
8.0,38.676867686768674
5.0,30.13101310131013
4.0,28.40984098409841
5.0,30.563156315631563
6.0,38.563156315631566
4.0,26.671467146714672
8.0,40.63056305630563
5.0,27.723372337233723
7.0,35.95899589958996
6.0,33.70937093709371
3.0,27.01110111011101
6.0,33.97059705970597
6.0,34.98089808980898
5.0,31.36863686368637
6.0,35.043404340434044
5.0,32.05520552055206
6.0,36.62386238623862
8.0,37.13821382138214
7.0,37.83268326832683
6.0,37.133313331333134
4.0,25.298229822982297
4.0,28.42914291429143
7.0,38.93119311931193
8.0,37.7060706070607
7.0,33.54015401540154
8.0,36.4000400040004
6.0,35.95989598959896
7.0,36.87958795879588
6.0,31.808880888088808
8.0,36.66956695669567
4.0,29.97889788978898
6.0,35.4045404540454
7.0,37.5040504050405
9.0,39.446744674467446
8.0,36.276527652765274
6.0,34.19001900190019
4.0,25.665066506650664
8.0,39.44034403440344
6.0,33.42704270427043
8.0,38.971197119711974
6.0,35.00710071007101
7.0,38.25082508250825
5.0,32.896389638963896
8.0,41.38883888388839
8.0,38.097309730973095
4.0,26.654665466546653
8.0,36.95169516951695
4.0,27.77097709770977
6.0,36.20782078207821
8.0,39.00880088008801
9.0,39.70747074707471
6.0,36.27692769276928
6.0,36.42514251425143
4.0,27.859585958595858
6.0,36.32563256325633
5.0,32.00970097009701
5.0,36.48194819481948
5.0,31.95989598959896
7.0,37.344134413441346
8.0,38.832983298329836
7.0,35.50985098509851
5.0,31.837383738373838
9.0,40.18091809180918
9.0,39.07150715071507
8.0,37.10691069106911
8.0,37.36213621362136
5.0,27.996199619961995
8.0,38.76357635763576
8.0,37.144114411441144
9.0,38.00590059005901
7.0,38.38553855385538
8.0,36.642964296429646
9.0,40.3012301230123
5.0,33.60366036603661
7.0,37.50835083508351
5.0,31.103210321032105
6.0,35.22822282228223
4.0,26.845184518451845
3.0,26.535353535353536
8.0,36.02200220022002
4.0,28.833583358335833
6.0,34.724272427242724
6.0,35.358235823582355
5.0,31.857485748574856
7.0,37.42884288428843
4.0,28.95859585958596
4.0,26.135813581358136
5.0,33.07280728072807
5.0,33.48844884488449
6.0,33.64486448644865
8.0,36.14881488148815
4.0,28.76307630763076
6.0,30.567356735673567
5.0,25.232823282328233
5.0,32.2975297529753
6.0,34.98209820982098
8.0,39.33113311331133
8.0,32.926192619261926
9.0,40.787578757875785
5.0,31.495049504950494
5.0,32.40484048404841
5.0,29.292729272927293
5.0,33.918691869186915
4.0,26.922592259225922
6.0,32.96649664966497
6.0,36.521552155215524
4.0,27.64916491649165
7.0,37.607660766076606
4.0,32.031903190319035
8.0,39.66776677667767
4.0,29.016901690169018
7.0,38.45944594459446
6.0,31.7016701670167
6.0,34.16831683168317
4.0,29.283128312831284
6.0,32.44844484448445
6.0,33.745174517451744
7.0,33.88658865886589
8.0,39.88268826882688
5.0,33.12781278127813
7.0,34.574057405740575
4.0,29.232523252325233
4.0,31.932893289328934
8.0,38.955895589558956
9.0,39.23892389238924
7.0,36.42244224422442
6.0,33.40724072407241
6.0,34.327732773277326
5.0,26.69116911691169
5.0,27.0992099209921
9.0,39.75937593759376
7.0,36.66256625662566
9.0,40.32803280328033
4.0,28.455745574557454
8.0,38.30673067306731
9.0,40.118111811181116
4.0,31.6018601860186
4.0,27.395139513951396
8.0,39.15011501150115
4.0,28.573857385738574
4.0,28.594659465946595
9.0,37.174517451745174
6.0,30.29002900290029
3.0,28.83208320832083
8.0,39.61476147614761
6.0,33.16911691169117
5.0,24.42944294429443
7.0,34.6017601760176
4.0,29.274027402740273
6.0,33.536253625362534
8.0,39.06150615061506
5.0,28.917591759175917
6.0,32.84998499849985
7.0,35.153415341534156
8.0,34.066906690669065
4.0,31.861786178617862
4.0,30.492549254925493
5.0,31.347034703470346
7.0,36.3028302830283
4.0,27.94879487948795
6.0,35.142814281428144
6.0,32.93469346934693
6.0,33.765476547654764
7.0,36.85238523852385
4.0,28.23952395239524
7.0,34.82828282828283
8.0,39.64936493649365
6.0,35.54955495549555
8.0,37.4966496649665
5.0,31.84318431843184
5.0,31.71757175717572
8.0,33.57685768576858
5.0,31.10861086108611
6.0,34.98059805980598
3.0,27.818081808180818
5.0,32.43954395439544
8.0,41.675367536753676
8.0,40.19031903190319
8.0,37.14191419141914
9.0,40.77517751775178
5.0,33.15511551155115
9.0,37.85168516851685
7.0,37.3046304630463
6.0,32.393539353935395
5.0,31.610661066106612
6.0,34.2018201820182
4.0,27.002600260026004
6.0,33.41274127412741
8.0,40.32553255325533
5.0,31.48924892489249
8.0,38.440444044404444
7.0,33.601260126012605
7.0,37.366536653665364
8.0,36.11071107110711
7.0,35.997199719971995
8.0,34.61926192619262
3.0,26.51105110511051
4.0,32.13001300130013
6.0,37.73717371737174
5.0,31.652165216521652
7.0,34.47364736473647
5.0,32.843284328432844
3.0,27.437243724372436
7.0,39.821682168216824
6.0,28.871287128712872
8.0,34.43394339433944
6.0,32.57625762576258
8.0,40.12201220122012
6.0,35.04630463046305
7.0,36.95499549954995
4.0,27.38983898389839
5.0,36.01080108010801
6.0,30.604460446044605
4.0,29.874887488748875
5.0,28.684468446844683
7.0,36.68606860686069
7.0,34.93819381938194
6.0,34.06130613061306
7.0,38.50485048504851
8.0,37.90809080908091
4.0,27.23902390239024
6.0,33.76967696769677
7.0,38.14181418141814
5.0,33.99499949995
6.0,32.77197719771977
4.0,25.946294629462948
8.0,35.71107110711071
8.0,40.72907290729073
7.0,39.3003300330033
6.0,34.5015501550155
6.0,33.18671867186719
4.0,29.594159415941593
3.0,28.187918791879188
8.0,39.118111811181116
7.0,39.38143814381438
7.0,37.19071907190719
5.0,33.32823282328233
4.0,28.472347234723472
8.0,36.83388338833883
6.0,36.408140814081406
6.0,31.74947494749475
6.0,31.714671467146715
6.0,31.714571457145716
9.0,39.80828082808281
6.0,36.36033603360336
9.0,40.30843084308431
9.0,34.28292829282928
8.0,38.69046904690469
7.0,34.38233823382338
8.0,38.283928392839286
6.0,35.685668566856684
4.0,25.15831583158316
7.0,35.65936593659366
7.0,36.14941494149415
5.0,27.747074707470748
5.0,32.94959495949595
6.0,36.464646464646464
8.0,37.24882488248825
7.0,32.63886388638864
8.0,40.924192419241926
6.0,33.60866086608661
5.0,33.74227422742274
5.0,26.732773277327734
4.0,26.60986098609861
9.0,40.37013701370137
9.0,38.97209720972097
8.0,34.263026302630266
5.0,29.139813981398138
7.0,35.874287428742875
8.0,37.325932593259324
5.0,29.523352335233522
4.0,27.94169416941694
9.0,41.85838583858386
7.0,38.09350935093509
6.0,37.11661166116612
7.0,36.6953695369537
7.0,36.2946294629463
7.0,36.752675267526755
4.0,29.219921992199218
4.0,27.347934793479347
8.0,40.91119111911191
3.0,28.467546754675467
8.0,40.52355235523552
6.0,33.39063906390639
4.0,29.815381538153815
7.0,36.65976597659766
8.0,36.041504150415044
6.0,34.903490349034904
3.0,29.455445544554454
9.0,39.265026502650265
5.0,33.2005200520052
4.0,31.083808380838082
9.0,39.794579457945794
6.0,36.554555455545554
6.0,34.413241324132414
4.0,27.65256525652565
7.0,33.631063106310634
7.0,36.03350335033503
5.0,34.974897489748976
7.0,36.7006700670067
5.0,33.61346134613461
4.0,30.8980898089809
4.0,28.219621962196218
4.0,27.80808080808081
4.0,28.862086208620862
8.0,37.25962596259626
7.0,36.41124112411241
8.0,38.87518751875187
5.0,33.735073507350734
7.0,37.000500050005
7.0,36.325832583258325
7.0,37.21292129212921
4.0,27.868786878687867
5.0,35.034503450345035
8.0,40.701370137013704
5.0,31.444844484448446
5.0,31.541854185418543
4.0,28.87298729872987
5.0,31.49264926492649
6.0,37.053505350535055
7.0,37.52115211521152
6.0,36.63216321632163
6.0,37.67116711671167
8.0,38.36543654365437
8.0,37.791979197919794
8.0,37.80808080808081
6.0,34.20832083208321
5.0,32.467046704670466
8.0,38.99239923992399
4.0,27.819081908190817
8.0,39.7997799779978
5.0,29.75747574757476
5.0,29.64126412641264
8.0,37.06640664066406
4.0,29.603260326032604
8.0,35.24462446244625
7.0,35.07590759075907
5.0,31.290529052905292
7.0,37.3038303830383
6.0,31.426642664266428
9.0,40.41974197419742
3.0,29.56805680568057
5.0,33.64986498649865
6.0,31.987498749874987
9.0,36.41594159415941
8.0,39.23812381238124
7.0,35.87908790879088
5.0,26.24992499249925
7.0,40.015001500150014
4.0,32.064806480648066
5.0,33.39253925392539
8.0,39.32083208320832
5.0,33.04510451045105
6.0,31.592659265926592
5.0,34.15271527152715
7.0,35.93039303930393
8.0,36.2996299629963
5.0,31.812881288128814
5.0,27.027402740274027
5.0,30.043804380438043
6.0,30.834283428342836
9.0,42.77987798779878
9.0,38.95139513951395
7.0,33.61166116611661
7.0,33.63186318631863
8.0,35.31653165316531
4.0,28.034603460346034
8.0,37.765276527652766
4.0,27.789278927892788
7.0,34.78947894789479
4.0,29.273827382738276
3.0,28.24052405240524
6.0,33.5984598459846
10.0,39.33103310331033
7.0,36.17201720172017
8.0,36.75627562756276
7.0,36.05510551055106
9.0,40.21922192219222
7.0,36.012301230123015
8.0,38.13731373137314
7.0,36.99179917991799
9.0,40.74997499749975
10.0,38.36933693369337
4.0,28.554755475547555
8.0,37.13741374137414
4.0,27.82838283828383
4.0,31.313931393139313
4.0,27.158515851585157
5.0,32.52645264526453
5.0,31.221822182218222
8.0,40.08880888088809
6.0,34.566456645664566
6.0,34.28232823282328
9.0,37.86658665866587
7.0,35.804080408040804
3.0,26.124112411241125
8.0,37.45974597459746
7.0,36.32503250325033
4.0,29.490649064906492
6.0,31.906190619061906
7.0,36.25912591259126
7.0,36.13211321132113
3.0,25.860486048604862
5.0,28.51105110511051
7.0,39.6033603360336
5.0,34.7001700170017
7.0,38.34813481348135
6.0,34.83778377837784
4.0,32.077607760776075
5.0,30.45764576457646
5.0,30.781978197819782
5.0,26.983798379837985
9.0,39.526552655265526
4.0,27.983698369836983
7.0,37.58085808580858
5.0,27.924192419241923
8.0,38.32853285328533
9.0,37.28712871287129
5.0,29.694869486948694
5.0,29.966896689668967
6.0,34.795879587958794
4.0,27.93069306930693
8.0,39.02010201020102
4.0,27.044704470447044
5.0,33.17991799179918
8.0,35.55725572557256
6.0,32.91589158915892
4.0,24.219021902190217
7.0,32.90579057905791
3.0,27.883288328832883
8.0,37.88278827882788
7.0,33.845784578457845
9.0,40.684968496849685
8.0,38.652565256525655
6.0,30.65836583658366
7.0,33.42884288428843
6.0,38.33813381338134
7.0,34.757075707570756
6.0,33.18961896189619
9.0,37.63946394639464
4.0,31.777977797779776
6.0,36.61296129612961
3.0,28.73997399739974
5.0,31.355935593559355
7.0,36.92209220922092
4.0,31.743174317431745
7.0,38.866686668666866
5.0,33.68136813681368
1.0,26.005300530053006
5.0,26.927992799279927
3.0,30.551155115511552
7.0,35.84498449844985
6.0,36.35533553355336
4.0,28.844484448444845
4.0,31.36993699369937
8.0,36.38993899389939
4.0,26.019801980198018
5.0,30.63956395639564
7.0,36.14391439143915
6.0,32.49204920492049
8.0,33.46484648464846
7.0,37.08800880088009
5.0,27.69186918691869
3.0,28.00920092009201
9.0,40.44924492449245
8.0,39.2963296329633
9.0,38.346234623462344
7.0,36.996299629963
6.0,34.10401040104011
7.0,34.363036303630366
4.0,28.71157115711571
4.0,29.023302330233022
4.0,23.80748074807481
5.0,31.20682068206821
5.0,33.53085308530853
5.0,32.733573357335736
7.0,35.313031303130316
7.0,36.66916691669167
4.0,29.402240224022403
4.0,29.300330033003302
4.0,26.340234023402342
5.0,30.604260426042604
4.0,25.673667366736673
6.0,34.85928592859286
9.0,39.35663566356636
4.0,28.96809680968097
9.0,40.038303830383036
5.0,31.52155215521552
4.0,29.523152315231524
6.0,34.51695169516952
8.0,36.488648864886486
7.0,38.45954595459546
7.0,36.14371437143714
4.0,30.94849484948495
9.0,40.57945794579458
5.0,34.76187618761876
5.0,30.593659365936595
8.0,40.352435243524354
8.0,33.68956895689569
4.0,30.164316431643165
9.0,42.244124412441245
7.0,34.77657765776578
7.0,36.88728872887289
6.0,29.188018801880187
8.0,39.790679067906794
8.0,37.18571857185719
6.0,35.64976497649765
8.0,37.96969696969697
4.0,29.294029402940293
5.0,30.727272727272727
4.0,27.533553355335535
6.0,34.24502450245024
4.0,29.8974897489749
6.0,34.31013101310131
6.0,33.41604160416042
6.0,35.077607760776075
6.0,34.43514351435144
7.0,35.7954795479548
8.0,40.90859085908591
4.0,29.155215521552154
6.0,35.68336833683368
7.0,38.26132613261326
7.0,36.142714271427145
6.0,33.350535053505354
5.0,31.259225922592258
3.0,27.51195119511951
4.0,26.93149314931493
9.0,39.78707870787079
6.0,35.25512551255125
8.0,40.125812581258124
9.0,38.91569156915691
5.0,31.71697169716972
3.0,27.65106510651065
7.0,37.189018901890186
5.0,32.26342634263426
6.0,35.037203720372034
6.0,34.325832583258325
9.0,40.16581658165816
7.0,39.1990199019902
5.0,23.117111711171116
7.0,35.02940294029403
5.0,30.384538453845384
8.0,38.55105510551055
7.0,37.40544054405441
4.0,29.437143714371437
8.0,37.71687168716872
6.0,36.526752675267524
8.0,37.52305230523052
8.0,36.45074507450745
4.0,32.64416441644165
8.0,35.974297429742975
4.0,26.36933693369337
7.0,37.57015701570157
4.0,29.51075107510751
4.0,28.826982698269827
5.0,30.52245224522452
4.0,32.85018501850185
5.0,32.27052705270527
5.0,30.214021402140215
5.0,33.25062506250625
5.0,29.982398239823983
3.0,26.152515251525152
5.0,33.831183118311834
7.0,38.92609260926093
6.0,35.546354635463544
6.0,35.04940494049405
4.0,28.73147314731473
5.0,31.52955295529553
7.0,37.182718271827184
5.0,31.165616561656165
7.0,35.064306430643065
4.0,30.7983798379838
8.0,38.772377237723774
5.0,24.594559455945596
3.0,27.05250525052505
5.0,34.34983498349835
7.0,32.522852285228524
7.0,36.68576857685768
4.0,28.134213421342135
6.0,34.66956695669567
3.0,26.971997199719972
5.0,30.015801580158016
5.0,32.30473047304731
9.0,37.0951095109511
4.0,29.112511251125113
6.0,33.07470747074707
6.0,30.832883288328834
6.0,33.17541754175418
4.0,25.12831283128313
5.0,34.3001300130013
5.0,31.36063606360636
9.0,36.8992899289929
7.0,37.18981898189819
8.0,36.36933693369337
6.0,35.34463446344635
5.0,30.811381138113813
4.0,28.834683468346835
4.0,28.559055905590558
7.0,37.2051205120512
5.0,30.01780178017802
8.0,41.17791779177918
6.0,32.76297629762976
9.0,39.78787878787879
4.0,30.566356635663567
3.0,28.530553055305532
7.0,37.376537653765375
6.0,37.40864086408641
9.0,40.335233523352336
6.0,34.034503450345035
4.0,27.501950195019504
5.0,30.455945594559456
5.0,33.28312831283128
8.0,38.866086608660865
4.0,29.593259325932593
6.0,35.667866786678665
9.0,38.992699269926995
7.0,38.000400040004
4.0,28.12251225122512
5.0,31.821182118211823
9.0,40.25822582258226
6.0,33.83278327832783
6.0,34.311931193119314
7.0,36.75407540754075
6.0,33.07870787078708
9.0,40.13931393139314
6.0,31.69216921692169
5.0,29.54175417541754
8.0,40.097809780978096
7.0,39.012901290129015
6.0,33.284628462846285
9.0,42.266226622662266
8.0,40.517751775177516
5.0,31.36913691369137
7.0,37.712671267126716
5.0,35.67966796679668
4.0,30.72917291729173
7.0,36.67626762676267
8.0,39.404940494049406
8.0,38.32803280328033
9.0,39.682368236823685
8.0,40.42384238423843
5.0,32.647664766476645
6.0,32.51935193519352
6.0,31.653165316531652
6.0,34.405740574057404
6.0,33.23682368236824
9.0,40.36153615361536
6.0,30.407740774077407
9.0,40.80678067806781
8.0,39.002300230023
6.0,32.00900090009001
5.0,28.67086708670867
5.0,26.02060206020602
8.0,37.86208620862086
5.0,29.281628162816283
5.0,32.76067606760676
6.0,32.4033403340334
8.0,38.75187518751875
9.0,37.983698369836986
8.0,39.372737273727374
7.0,35.38653865386539
5.0,33.14141414141414
8.0,40.841384138413844
6.0,33.847184718471844
5.0,33.004400440044
6.0,36.51475147514751
3.0,31.228122812281228
9.0,40.08150815081508
8.0,39.75367536753675
8.0,39.92199219921992
6.0,31.58095809580958
4.0,28.227922792279227
5.0,30.616461646164616
9.0,37.12731273127313
5.0,32.54345434543454
8.0,41.19161916191619
6.0,32.99019901990199
6.0,34.79397939793979
5.0,32.14681468146815
4.0,32.37033703370337
8.0,36.17931793179318
7.0,36.95019501950195
5.0,28.52155215521552
8.0,40.1032103210321
3.0,22.66976697669767
7.0,37.933693369336936
5.0,33.32733273327333
6.0,32.73587358735874
9.0,41.21742174217422
4.0,29.54205420542054
6.0,35.1008100810081
4.0,24.926092609260927
5.0,31.80928092809281
6.0,30.463246324632465
7.0,36.056005600560056
4.0,24.97949794979498
7.0,39.68956895689569
6.0,30.41104110411041
8.0,38.1026102610261
9.0,40.96649664966497
8.0,38.470847084708474
5.0,32.33683368336834
5.0,29.215121512151214
8.0,37.16451645164516
4.0,29.208220822082207
8.0,33.458845884588456
4.0,27.675467546754675
5.0,31.717371737173718
7.0,34.154115411541156
6.0,34.736173617361736
9.0,34.23982398239824
7.0,35.23672367236723
5.0,32.12021202120212
5.0,29.95699569956996
9.0,38.97039703970397
5.0,33.28222822282228
8.0,40.442944294429445
5.0,30.06940694069407
3.0,27.367136713671368
5.0,33.64356435643565
4.0,30.06170617061706
7.0,35.14441444144414
6.0,30.763176317631764
8.0,36.11951195119512
7.0,38.267526752675266
5.0,33.26612661266127
7.0,35.2026202620262
5.0,32.7988798879888
3.0,28.095909590959096
7.0,35.849584958495846
5.0,31.163716371637165
5.0,30.92719271927193
4.0,27.602660266026604
5.0,30.42754275427543
7.0,37.74537453745374
7.0,36.69076907690769
8.0,36.44474447444745
9.0,40.74777477747775
6.0,36.06120612061206
7.0,37.14171417141714
8.0,36.34593459345935
5.0,29.775477547754775
4.0,28.188018801880187
8.0,39.00300030003
4.0,27.908290829082908
7.0,35.1031103110311
4.0,29.39263926392639
9.0,40.661466146614664
5.0,31.30873087308731
8.0,36.99169916991699
6.0,36.335433543354334
6.0,32.58875887588759
5.0,30.496949694969498
8.0,39.52185218521852
5.0,33.5990599059906
6.0,36.779277927792776
4.0,26.090409040904092
9.0,41.43084308430843
9.0,37.68116811681168
6.0,32.35063506350635
4.0,28.247524752475247
9.0,37.96469646964697
9.0,38.41954195419542
8.0,41.116311631163114
4.0,30.146914691469146
8.0,39.06450645064506
8.0,40.23182318231823
6.0,33.000400040004
4.0,31.018301830183017
4.0,25.33943394339434
5.0,31.98029802980298
6.0,30.343034303430343
8.0,37.18981898189819
8.0,39.032603260326034
9.0,39.096509650965096
9.0,38.56935693569357
5.0,30.458445844584457
8.0,39.38423842384238
5.0,35.17081708170817
5.0,31.456145614561457
8.0,35.07810781078108
7.0,37.01250125012501
5.0,30.382938293829383
5.0,32.16581658165816
6.0,36.04290429042904
4.0,28.71877187718772
8.0,35.05980598059806
4.0,28.997399739973996
6.0,32.788178817881786
6.0,32.12721272127213
8.0,39.073107310731075
6.0,36.3006300630063
8.0,40.559555955595556
5.0,31.220522052205222
7.0,36.16191619161916
6.0,34.85948594859486
6.0,36.35843584358436
5.0,30.46074607460746
8.0,37.3966396639664
7.0,36.22122212221222
7.0,37.007300730073005
6.0,33.56175617561756
5.0,31.906190619061906
6.0,31.808880888088808
4.0,26.743874387438744
5.0,31.77897789778978
5.0,31.136513651365135
5.0,30.95119511951195
2.0,31.294029402940293
8.0,36.6955695569557
4.0,27.973197319731973
8.0,36.84678467846785
3.0,27.42204220422042
4.0,28.94019401940194
6.0,34.453645364536456
4.0,30.55835583558356
4.0,27.874587458745875
7.0,35.13471347134713
5.0,34.15531553155316
5.0,30.371837183718373
4.0,27.66106610661066
4.0,27.844384438443843
8.0,40.893889388938895
4.0,28.205520552055205
9.0,38.77817781778178
5.0,27.132213221322132
8.0,39.634163416341636
5.0,29.647764776477647
7.0,37.40894089408941
4.0,28.414241424142414
4.0,28.751875187518753
4.0,30.86918691869187
4.0,27.828182818281828
4.0,26.795879587958797
6.0,36.64466446644664
8.0,40.92729272927293
7.0,35.55785578557856
5.0,31.045004500450045
9.0,38.02950295029503
8.0,38.45984598459846
6.0,32.8980898089809
6.0,35.04170417041704
5.0,31.055505550555054
8.0,40.52935293529353
5.0,34.6027602760276
8.0,40.04180418041804
6.0,32.51115111511151
8.0,37.55625562556256
6.0,35.91589158915892
5.0,25.823782378237823
8.0,34.69166916691669
5.0,28.923192319231923
5.0,29.000900090009
9.0,40.02970297029703
4.0,29.813081308130812
7.0,36.46754675467547
6.0,38.14391439143915
5.0,28.79217921792179
4.0,25.837183718371836
5.0,34.037203720372034
7.0,33.72147214721472
4.0,28.00930093009301
8.0,34.18481848184818
6.0,35.98559855985599
7.0,36.83848384838484
5.0,31.706270627062707
7.0,35.05240524052405
6.0,31.05950595059506
4.0,24.873387338733874
7.0,36.27632763276328
5.0,33.11251125112511
4.0,29.68716871687169
5.0,28.376237623762375
4.0,26.69006900690069
7.0,36.25952595259526
5.0,31.543854385438543
7.0,39.91079107910791
5.0,32.17731773177318
4.0,28.44844484448445
4.0,27.262326232623263
7.0,38.28512851285129
8.0,38.82948294829483
8.0,37.56305630563056
4.0,27.015901590159014
4.0,28.518851885188518
7.0,35.457645764576455
4.0,28.69036903690369
7.0,38.93399339933993
5.0,27.984298429842983
8.0,38.94069406940694
8.0,40.626162616261624
5.0,30.965096509650966
8.0,38.0950095009501
4.0,28.635263526352634
5.0,29.823382338233824
6.0,34.88678867886789
7.0,36.19371937193719
5.0,31.357735773577357
6.0,35.95809580958096
6.0,35.04100410041004
8.0,40.24072407240724
7.0,36.1970197019702
4.0,27.018301830183017
8.0,36.817281728172816
8.0,37.52495249524952
5.0,34.445644564456444
8.0,33.28842884288429
5.0,28.333533353335334
4.0,29.49174917491749
7.0,35.073807380738074
5.0,29.886288628862886
5.0,30.496649664966498
5.0,32.674167416741675
9.0,39.42164216421642
6.0,32.54885488548855
8.0,36.9002900290029
8.0,38.997899789978995
4.0,28.206620662066207
9.0,39.942094209420944
7.0,37.976397639763974
10.0,37.26582658265826
4.0,28.425642564256425
9.0,41.48444844484448
7.0,37.4985498549855
8.0,37.804580458045805
6.0,34.55415541554155
8.0,40.804680468046804
7.0,39.158015801580156
8.0,40.607060706070605
8.0,39.116811681168116
6.0,30.99209920992099
7.0,37.56545654565456
5.0,29.61146114611461
6.0,36.26332633263326
6.0,35.37373737373738
4.0,29.114911491149115
8.0,40.04970497049705
4.0,32.06310631063106
7.0,38.116811681168116
8.0,38.43714371437144
4.0,32.3989398939894
7.0,36.09310931093109
5.0,32.34573457345734
8.0,39.168116811681166
5.0,32.826782678267826
5.0,33.49044904490449
9.0,42.14391439143915
7.0,38.75947594759476
8.0,41.33963396339634
5.0,29.817381738173818
4.0,30.03990399039904
6.0,35.957295729572955
8.0,39.11251125112511
8.0,38.735073507350734
4.0,29.345034503450346
8.0,35.13071307130713
5.0,32.035703570357036
7.0,36.344134413441346
8.0,33.33923392339234
4.0,28.266126612661267
7.0,38.79217921792179
5.0,31.187018701870187
7.0,37.3953395339534
6.0,33.85768576857686
7.0,39.91709170917092
5.0,32.3019301930193
6.0,34.592359235923595
10.0,39.68206820682068
6.0,32.59215921592159
4.0,30.433843384338434
4.0,31.97849784978498
7.0,37.187718771877186
4.0,32.01040104010401
5.0,28.117111711171116
7.0,37.93139313931393
6.0,35.25192519251925
3.0,26.481148114811482
6.0,33.707770777077705
5.0,28.03220322032203
7.0,39.395539553955395
6.0,33.98409840984098
5.0,34.58305830583058
6.0,33.85688568856886
4.0,27.771477147714773
7.0,36.43444344434443
6.0,32.94849484948495
8.0,39.98489848984899
7.0,37.11261126112611
7.0,38.64016401640164
5.0,35.614061406140614
8.0,35.50425042504251
4.0,30.976597659765975
5.0,32.563256325632565
5.0,35.14051405140514
5.0,31.07790779077908
6.0,33.48854885488549
6.0,34.73797379737974
6.0,35.5965596559656
7.0,33.69026902690269
5.0,33.78167816781678
6.0,38.625362536253625
8.0,41.4046404640464
6.0,37.843884388438845
5.0,33.34453445344534
8.0,40.83208320832083
4.0,28.69216921692169
4.0,27.75947594759476
8.0,39.74787478747875
4.0,28.855885588558856
6.0,33.817981798179815
6.0,34.38243824382438
8.0,37.980698069806984
8.0,35.734373437343734
6.0,33.59015901590159
8.0,38.61416141614161
4.0,30.936093609360935
7.0,38.65936593659366
4.0,28.805280528052805
9.0,40.21722172217222
4.0,23.48734873487349
5.0,34.78897889788979
5.0,30.373737373737374
5.0,32.837583758375835
4.0,28.84258425842584
7.0,34.34853485348535
5.0,24.922792279227924
5.0,26.41104110411041
4.0,30.053005300530053
6.0,32.9011901190119
9.0,40.76437643764376
9.0,39.993199319931996
9.0,38.34143414341434
3.0,26.337533753375336
7.0,31.344834483448345
8.0,40.12981298129813
3.0,26.846884688468847
4.0,32.733073307330734
4.0,31.03050305030503
5.0,30.36853685368537
7.0,35.90649064906491
8.0,38.46214621462146
4.0,28.75267526752675
8.0,39.2008200820082
6.0,31.333833383338334
5.0,31.103410341034103
7.0,37.90949094909491
8.0,37.53375337533753
6.0,32.335933593359336
4.0,27.44864486448645
7.0,33.85178517851785
6.0,26.40814081408141
5.0,32.81458145814582
4.0,28.366836683668367
6.0,35.59405940594059
8.0,38.386138613861384
9.0,39.46004600460046
5.0,28.99179917991799
4.0,28.74127412741274
8.0,35.904790479047904
6.0,37.55115511551155
7.0,35.052905290529054
4.0,31.75197519751975
8.0,35.07800780078008
4.0,29.304230423042306
5.0,29.213321332133212
8.0,36.342234223422345
4.0,27.871287128712872
5.0,30.503450345034505
9.0,41.60976097609761
9.0,35.193319331933196
9.0,40.94229422942294
5.0,31.9014901490149
7.0,34.78547854785479
10.0,38.8967896789679
7.0,36.55045504550455
8.0,38.79087908790879
6.0,38.16221622162216
8.0,40.037803780378034
4.0,30.31823182318232
7.0,34.01640164016402
5.0,31.013501350135012
5.0,30.305430543054307
8.0,37.97339733973397
7.0,36.14001400140014
8.0,37.346034603460346
7.0,35.23302330233023
6.0,33.565156515651566
7.0,40.19171917191719
9.0,37.557155715571554
7.0,32.46854685468547
7.0,32.37633763376338
7.0,33.578557855785576
8.0,38.74357435743574
6.0,36.247424742474244
5.0,33.37963796379638
6.0,34.91139113911391
8.0,39.67836783678368
5.0,31.97789778977898
5.0,30.111911191119113
5.0,31.986498649864988
9.0,42.07110711071107
5.0,25.774677467746773
6.0,30.724372437243723
5.0,33.75127512751275
6.0,35.35133513351335
9.0,37.23952395239524
5.0,31.931693169316933
7.0,37.40934093409341
7.0,38.620962096209624
4.0,29.842084208420843
4.0,27.564056405640564
8.0,36.25272527252725
6.0,35.98269826982698
7.0,36.081908190819085
7.0,35.55555555555556
7.0,36.02090209020902
4.0,26.583058305830583
8.0,38.1027102710271
6.0,34.826882688268824
7.0,38.65226522652265
4.0,30.923692369236925
8.0,35.03360336033603
3.0,27.945294529452944
5.0,33.46624662466247
4.0,28.52035203520352
8.0,37.32183218321832
7.0,36.007400740074004
9.0,41.92009200920092
5.0,33.61016101610161
6.0,32.44704470447045
5.0,32.265026502650265
8.0,39.18801880188019
5.0,28.35813581358136
4.0,31.294129412941295
8.0,39.68006800680068
8.0,34.65156515651565
5.0,33.4000400040004
6.0,36.81388138813882
4.0,30.25082508250825
7.0,33.273327332733274
6.0,31.639163916391638
9.0,41.70997099709971
8.0,37.92089208920892
6.0,34.70977097709771
5.0,30.68966896689669
9.0,42.34263426342634
8.0,36.13311331133113
8.0,37.925692569256924
7.0,39.17181718171817
4.0,29.000600060006
8.0,40.03110311031103
7.0,39.45334533453345
4.0,30.288628862886288
8.0,39.63206320632063
7.0,37.48884888488849
6.0,34.10701070107011
5.0,31.10711071107111
6.0,31.273327332733274
5.0,29.451345134513453
6.0,37.882388238823886
4.0,28.45984598459846
8.0,36.4947494749475
8.0,38.316331633163315
8.0,36.25102510251025
7.0,37.855385538553854
8.0,39.590559055905594
4.0,27.134413441344133
4.0,29.16151615161516
4.0,25.56715671567157
4.0,27.585658565856587
8.0,38.2001200120012
9.0,39.078907890789075
8.0,37.94089408940894
6.0,35.01990199019902
4.0,29.556855685568557
5.0,34.17721772177218
6.0,34.0997099709971
8.0,34.251125112511254
7.0,38.311831183118315
4.0,29.963396339633963
9.0,41.64416441644165
9.0,38.67826782678268
9.0,39.33973397339734
5.0,33.387338733873385
5.0,29.416841684168418
6.0,32.98969896989699
3.0,27.03830383038304
8.0,39.96209620962096
5.0,34.34123412341234
3.0,28.786678667866788
8.0,37.41434143414342
8.0,38.42254225422542
5.0,30.156015601560156
5.0,30.34803480348035
9.0,38.79337933793379
6.0,35.72637263726373
7.0,36.0980098009801
5.0,33.54865486548655
4.0,26.431743174317432
4.0,29.692369236923692
5.0,28.275827582758275
8.0,35.85818581858186
9.0,38.31653165316531
3.0,26.62866286628663
7.0,31.745674567456746
7.0,33.24992499249925
8.0,36.00770077007701
8.0,38.132013201320134
7.0,34.02140214021402
6.0,34.484148414841485
8.0,37.64416441644165
9.0,40.835083508350834
7.0,38.05430543054305
8.0,37.936493649364934
8.0,37.622762276227625
7.0,37.95259525952595
4.0,32.61546154615461
6.0,31.602360236023603
9.0,37.27282728272827
7.0,35.11211121112111
7.0,34.813481348134815
8.0,37.24752475247525
6.0,33.04690469046905
4.0,32.447544754475445
4.0,31.88938893889389
7.0,37.17941794179418
8.0,36.43254325432543
3.0,28.67056705670567
3.0,30.65986598659866
4.0,25.406640664066405
8.0,36.422642264226425
7.0,34.05300530053005
9.0,39.78007800780078
8.0,34.966696669666966
7.0,36.88108810881088
5.0,32.56285628562856
6.0,34.87058705870587
9.0,40.05310531053105
5.0,27.380438043804382
8.0,36.91249124912491
4.0,26.14821482148215
4.0,25.938693869386938
5.0,30.264726472647265
5.0,28.15131513151315
6.0,37.5959595959596
5.0,27.026202620262026
6.0,36.94349434943494
4.0,32.542354235423545
6.0,28.833383338333835
6.0,33.28892889288929
8.0,36.54405440544054
5.0,30.961196119611962
5.0,31.863486348634865
6.0,32.37563756375638
9.0,40.479147914791476
8.0,38.63216321632163
4.0,29.483948394839484
4.0,27.97879787978798
6.0,36.718571857185715
8.0,39.85678567856786
7.0,35.455145514551454
8.0,38.62196219621962
7.0,38.41544154415442
5.0,32.8956895689569
7.0,35.98679867986799
4.0,30.454345434543455
4.0,29.447644764476447
9.0,39.45214521452145
9.0,40.879387938793876
5.0,32.93529352935293
5.0,31.54025402540254
6.0,32.301730173017305
5.0,30.824982498249824
6.0,34.94229422942294
7.0,38.28962896289629
9.0,40.54395439543954
5.0,27.56875687568757
9.0,35.966196619661964
9.0,38.83338333833383
6.0,34.51275127512751
5.0,33.75237523752375
7.0,35.102810281028106
7.0,36.46364636463646
3.0,27.193719371937195
4.0,29.51065106510651
5.0,30.98969896989699
5.0,29.205020502050203
5.0,31.694969496949696
3.0,28.034703470347036
8.0,40.293629362936294
4.0,28.997299729972998
6.0,35.3038303830383
3.0,28.072407240724072
4.0,33.01600160016002
6.0,35.408240824082405
6.0,36.6028602860286
9.0,41.66566656665667
4.0,31.076207620762077
6.0,32.81208120812081
7.0,34.90809080908091
3.0,26.832383238323832
6.0,33.75117511751175
8.0,40.886888688868886
7.0,31.727872787278727
5.0,31.905390539053904
6.0,35.04110411041104
5.0,32.28772877287729
6.0,35.27182718271827
7.0,36.573457345734575
4.0,28.68296829682968
8.0,41.3051305130513
7.0,35.468946894689466
4.0,27.15041504150415
7.0,36.38103810381038
7.0,38.104710471047106
9.0,39.19301930193019
7.0,34.994699469946994
6.0,32.202320232023204
4.0,27.554655465546556
8.0,35.7000700070007
5.0,29.843084308430843
5.0,31.03840384038404
7.0,35.82468246824683
9.0,37.32343234323432
5.0,33.156715671567156
5.0,30.016701670167016
6.0,32.06260626062606
6.0,33.12471247124712
5.0,34.14381438143814
5.0,30.269026902690268
4.0,29.614261426142615
6.0,34.054005400540056
7.0,34.056805680568054
7.0,35.86078607860786
4.0,28.256025602560257
8.0,38.24592459245925
6.0,30.823182318231822
7.0,35.8009800980098
9.0,38.000800080008
6.0,32.72907290729073
7.0,34.25452545254525
8.0,39.04940494049405
5.0,29.175517551755174
4.0,29.843884388438845
8.0,42.21922192219222
9.0,39.002800280028005
9.0,39.0990099009901
5.0,32.19441944194419
7.0,33.056605660566056
8.0,40.16781678167817
8.0,37.6023602360236
5.0,31.835883588358836
8.0,38.75167516751675
5.0,29.027802780278027
6.0,34.06260626062606
9.0,38.83458345834583
8.0,34.86648664866487
7.0,34.343434343434346
5.0,31.614561456145616
9.0,37.49034903490349
9.0,39.517751775177516
7.0,38.032503250325036
6.0,32.04100410041004
8.0,39.73337333733373
7.0,33.154815481548155
8.0,38.651365136513654
4.0,24.982598259825984
7.0,33.327132713271325
5.0,33.45174517451745
5.0,28.385438543854384
7.0,36.07390739073907
6.0,32.23922392239224
6.0,35.54575457545754
6.0,32.6992699269927
6.0,31.915591559155917
4.0,25.75907590759076
4.0,28.076507650765077
10.0,35.2026202620262
6.0,34.16851685168517
4.0,26.28882888288829
8.0,39.17111711171117
7.0,36.88788878887889
6.0,34.000700070007
4.0,31.914991499149917
5.0,30.232323232323232
4.0,26.18021802180218
7.0,35.001800180018
9.0,40.87578757875787
7.0,35.021202120212024
9.0,39.25782578257826
9.0,39.55925592559256
6.0,32.16581658165816
7.0,35.74017401740174
8.0,38.94239423942394
9.0,36.399339933993396
5.0,31.68206820682068
4.0,26.291729172917293
4.0,30.336033603360335
4.0,30.0998099809981
4.0,27.621062106210623
6.0,34.48454845484549
5.0,29.000700070007
4.0,29.385638563856386
6.0,34.246824682468244
8.0,40.20462046204621
6.0,32.26992699269927
5.0,32.11871187118712
5.0,31.45274527452745
6.0,32.90649064906491
7.0,38.966796679667965
5.0,35.31113111311131
6.0,31.564056405640564
6.0,32.87828782878288
7.0,35.55415541554155
5.0,30.497649764976497
4.0,32.27982798279828
4.0,31.557255725572556
4.0,28.407140714071407
8.0,37.600660066006604
5.0,32.847684768476846
7.0,38.59125912591259
6.0,32.25882588258826
7.0,34.607760776077605
8.0,40.126412641264125
7.0,33.02040204020402
7.0,33.318231823182316
4.0,25.947594759475948
6.0,33.05830583058306
5.0,31.585158515851585
5.0,33.507650765076505
8.0,36.26402640264026
4.0,27.26822682268227
4.0,26.56895689568957
8.0,41.114911491149115
5.0,33.430343034303434
6.0,34.73157315731573
4.0,30.614061406140614
7.0,38.95829582958296
6.0,33.044604460446045
4.0,30.297329732973296
8.0,39.9017901790179
9.0,37.97169716971697
5.0,33.26772677267727
5.0,27.573957395739573
7.0,34.745174517451744
6.0,30.412141214121412
8.0,41.46294629462946
5.0,28.47974797479748
6.0,33.83778377837784
6.0,31.762376237623762
7.0,37.161716171617165
7.0,36.224522452245225
8.0,37.32803280328033
5.0,27.925192519251926
9.0,37.94299429942994
9.0,39.62436243624362
6.0,30.97239723972397
9.0,41.61686168616862
4.0,28.484148414841485
8.0,41.83938393839384
7.0,38.51245124512451
5.0,30.022702270227022
5.0,32.4988498849885
4.0,29.71997199719972
5.0,32.11661166116612
6.0,32.78317831783178
7.0,36.648864886488646
5.0,28.736073607360737
7.0,38.99009900990099
4.0,26.703870387038705
5.0,32.5960596059606
4.0,29.155015501550157
9.0,40.89108910891089
7.0,38.81698169816982
7.0,37.543554355435546
9.0,41.313031303130316
4.0,26.180918091809183
6.0,32.58975897589759
5.0,31.493949394939495
6.0,33.58995899589959
4.0,28.63066306630663
8.0,39.70917091709171
7.0,39.860986098609864
6.0,37.53815381538154
9.0,41.25162516251625
5.0,32.08620862086209
4.0,25.771877187718772
7.0,36.38773877387739
8.0,38.842684268426844
9.0,42.133913391339135
7.0,37.08210821082108
7.0,36.765976597659765
5.0,28.8977897789779
8.0,38.259325932593256
8.0,36.83878387838784
6.0,31.686268626862685
5.0,31.385638563856386
8.0,39.87708770877088
8.0,39.304230423042306
6.0,34.38023802380238
7.0,36.85708570857086
4.0,29.524652465246525
8.0,40.753975397539755
8.0,38.67016701670167
7.0,35.24012401240124
7.0,38.812781278127815
9.0,39.943794379437946
6.0,31.052905290529054
4.0,31.96679667966797
7.0,36.49004900490049
6.0,34.743174317431745
8.0,41.84728472847285
8.0,39.946594659465944
5.0,28.75847584758476
6.0,35.25892589258926
7.0,34.702570257025705
7.0,34.886988698869885
6.0,32.40984098409841
7.0,33.61196119611961
7.0,33.23382338233824
7.0,34.73847384738474
9.0,41.15941594159416
7.0,38.02800280028003
8.0,41.8054805480548
7.0,34.612061206120615
9.0,40.26932693269327
4.0,28.722172217221722
6.0,32.44374437443744
5.0,30.748174817481747
4.0,28.87958795879588
8.0,38.17421742174218
3.0,26.66016601660166
6.0,34.074407440744075
7.0,31.974897489748976
6.0,34.849584958495846
5.0,31.863586358635864
5.0,32.392339233923394
6.0,34.866186618661864
4.0,28.004000400040002
5.0,33.562656265626565
4.0,31.8002800280028
9.0,39.93299329932993
9.0,41.85078507850785
8.0,39.14101410141014
8.0,40.66746674667467
9.0,42.48834883488349
9.0,40.271327132713274
5.0,26.954695469546955
5.0,31.989098909890988
9.0,41.96499649964996
8.0,37.36853685368537
6.0,35.322532253225326
5.0,32.97969796979698
3.0,23.91089108910891
5.0,30.363036303630363
7.0,32.942694269426944
7.0,38.87468746874688
2.0,26.105010501050106
6.0,32.513251325132515
3.0,30.108210821082107
5.0,33.63846384638464
9.0,39.32883288328833
4.0,25.015501550155015
7.0,35.48124812481248
6.0,37.2988298829883
8.0,37.36083608360836
8.0,36.41924192419242
9.0,39.99369936993699
8.0,35.888888888888886
5.0,31.37993799379938
9.0,38.97419741974198
6.0,33.84968496849685
4.0,30.53155315531553
4.0,27.03220322032203
7.0,36.63456345634563
6.0,33.78467846784678
4.0,28.652365236523654
6.0,34.843784378437846
8.0,36.94889488948895
7.0,37.62786278627863
4.0,32.10701070107011
7.0,37.94059405940594
7.0,36.23282328232823
7.0,34.146114611461144
5.0,33.16831683168317
4.0,29.183118311831183
6.0,31.082408240824083
9.0,39.757275727572754
7.0,34.375137513751376
8.0,38.316431643164314
3.0,28.972997299729972
7.0,36.666066606660664
8.0,38.603260326032604
5.0,35.91019101910191
7.0,35.43184318431843
5.0,30.43894389438944
5.0,33.87768776877688
5.0,29.136013601360137
6.0,34.42124212421242
7.0,34.494849484948496
7.0,36.434843484348434
5.0,29.43034303430343
6.0,32.4034403440344
3.0,28.722472247224722
5.0,29.643864386438644
7.0,36.66996699669967
7.0,36.29032903290329
5.0,32.927592759275925
5.0,30.075307530753076
4.0,30.93119311931193
7.0,36.118811881188115
6.0,33.757875787578755
5.0,23.277527752775278
8.0,39.3058305830583
6.0,29.4005400540054
3.0,27.602360236023603
6.0,33.36873687368737
5.0,32.74007400740074
5.0,33.999499949995
5.0,28.43024302430243
8.0,37.016801680168015
5.0,32.249224922492246
7.0,35.46804680468047
4.0,26.658265826582657
4.0,28.096209620962096
3.0,26.439043904390438
9.0,41.86018601860186
7.0,38.184518451845186
4.0,26.76187618761876
4.0,28.400740074007402
7.0,38.24642464246425
9.0,41.3046304630463
7.0,38.94059405940594
9.0,41.628562856285626
6.0,31.050505050505052
8.0,36.1026102610261
8.0,38.27862786278628
5.0,32.773577357735775
7.0,36.32753275327533
9.0,37.35223522352235
4.0,30.377037703770377
5.0,33.09110911091109
5.0,33.31013101310131
8.0,35.38303830383038
5.0,33.07870787078708
7.0,39.44054405440544
5.0,31.13141314131413
5.0,30.870987098709872
5.0,35.27792779277928
8.0,39.93349334933493
4.0,26.100210021002102
6.0,31.072307230723073
9.0,40.368936893689366
5.0,29.19161916191619
9.0,35.57115711571157
5.0,26.52785278527853
6.0,32.33433343334333
7.0,38.77947794779478
6.0,31.753475347534753
5.0,34.36993699369937
7.0,38.9016901690169
6.0,33.97129712971297
8.0,36.13211321132113
6.0,34.8955895589559
7.0,38.81268126812681
6.0,34.6046604660466
7.0,39.41144114411441
3.0,25.845784578457845
8.0,38.230823082308234
9.0,40.3004300430043
4.0,26.866386638663865
8.0,39.759075907590756
8.0,42.174417441744176
8.0,37.77057705770577
5.0,32.44884488448845
7.0,38.753275327532755
6.0,33.95499549954995
6.0,35.91759175917592
6.0,34.55805580558056
4.0,26.416341634163416
5.0,33.129512951295126
7.0,36.41904190419042
4.0,29.220222022202222
9.0,41.18821882188219
5.0,30.044904490449046
4.0,29.643664366436642
5.0,32.00980098009801
4.0,29.26732673267327
5.0,29.86708670867087
8.0,36.836383638363834
7.0,37.00880088008801
8.0,40.04370437043704
6.0,35.86928692869287
7.0,35.32173217321732
8.0,36.70877087708771
7.0,32.735073507350734
5.0,32.42704270427043
8.0,37.23702370237024
6.0,35.29562956295629
6.0,35.24932493249325
4.0,30.537853785378537
7.0,36.797679767976796
7.0,35.31883188318832
10.0,38.67906790679068
4.0,28.668366836683667
6.0,34.72437243724372
7.0,34.874987498749874
7.0,33.843784378437846
9.0,40.57045704570457
5.0,32.38833883388339
7.0,37.928792879287926
8.0,34.5985598559856
4.0,28.080908090809082
8.0,37.616461646164616
5.0,30.965096509650966
8.0,35.25022502250225
9.0,38.03270327032703
6.0,32.63376337633763
2.0,29.142714271427142
9.0,41.82128212821282
5.0,33.51305130513051
5.0,29.45854585458546
8.0,39.29442944294429
6.0,35.00940094009401
6.0,35.095909590959096
7.0,37.56295629562956
5.0,32.62146214621462
7.0,36.73217321732173
9.0,39.29562956295629
7.0,37.85008500850085
6.0,31.786078607860787
8.0,40.52135213521352
5.0,30.908690869086907
7.0,35.75127512751275
8.0,39.52875287528753
8.0,38.452545254525454
9.0,40.27532753275327
5.0,32.645664566456645
4.0,34.363036303630366
9.0,40.52925292529253
6.0,35.19071907190719
9.0,41.126512651265124
5.0,30.167316731673168
4.0,28.656865686568658
4.0,26.66916691669167
5.0,29.725572557255724
5.0,30.92059205920592
8.0,40.23572357235724
6.0,34.33983398339834
6.0,34.977597759775975
3.0,27.587958795879587
5.0,33.663266326632666
6.0,31.162516251625163
7.0,34.12661266126613
5.0,30.985298529852987
9.0,37.92389238923892
4.0,29.094409440944094
9.0,39.94829482948295
9.0,41.617761776177616
5.0,33.066306630663064
5.0,33.24762476247625
5.0,30.5012501250125
4.0,28.513851385138516
4.0,29.24182418241824
4.0,29.12761276127613
4.0,26.55955595559556
5.0,32.36103610361036
4.0,28.48184818481848
5.0,29.37263726372637
9.0,40.80558055805581
8.0,38.50835083508351
7.0,35.41594159415941
4.0,27.464446444644466
5.0,34.995899589958995
7.0,37.316331633163315
5.0,32.01390139013901
8.0,39.727372737273726
6.0,36.43194319431943
4.0,26.78117811781178
9.0,42.18971897189719
9.0,38.60366036603661
8.0,39.46184618461846
5.0,26.942694269426944
7.0,36.02480248024803
7.0,34.287828782878286
4.0,27.77077707770777
8.0,40.87198719871987
7.0,35.683668366836685
5.0,30.775677567756777
7.0,36.92449244924492
3.0,27.31003100310031
9.0,37.50845084508451
8.0,39.112911291129116
4.0,29.878887888788878
9.0,39.422142214221424
9.0,36.837583758375835
4.0,29.04110411041104
8.0,39.987098709870985
8.0,38.637463746374635
5.0,30.28872887288729
8.0,35.622862286228624
7.0,36.197319731973195
6.0,33.319531953195316
6.0,34.626162616261624
6.0,32.31143114311431
4.0,24.671467146714672
9.0,37.07740774077408
5.0,28.626862686268627
3.0,29.57035703570357
4.0,25.842784278427843
7.0,37.34433443344334
5.0,33.83618361836184
4.0,28.974297429742975
7.0,35.31963196319632
7.0,36.7997799779978
4.0,27.295729572957296
6.0,33.2978297829783
4.0,27.954595459545956
8.0,41.173217321732174
7.0,36.79237923792379
3.0,28.17131713171317
10.0,40.83388338833883
5.0,23.94749474947495
9.0,41.81438143814381
9.0,41.44834483448345
7.0,36.84858485848585
5.0,31.523752375237525
7.0,37.225722572257226
8.0,38.417141714171414
8.0,38.90569056905691
5.0,29.626462646264628
6.0,38.294929492949294
5.0,29.463646364636464
5.0,29.63166316631663
5.0,34.187818781878185
6.0,33.04840484048405
7.0,38.337933793379335
5.0,28.229422942294228
4.0,30.434643464346436
8.0,36.5995599559956
7.0,38.20602060206021
7.0,37.82858285828583
8.0,39.84748474847485
7.0,35.037203720372034
8.0,40.78217821782178
6.0,34.525252525252526
8.0,38.016901690169014
4.0,24.92789278927893
9.0,40.11151115111511
5.0,31.78027802780278
6.0,36.23862386238624
5.0,28.76877687768777
5.0,30.347334733473346
6.0,32.182118211821184
4.0,27.675667566756676
6.0,37.655865586558654
3.0,29.77167716771677
4.0,29.84288428842884
6.0,36.16861686168617
6.0,33.64526452645264
6.0,32.643764376437645
4.0,30.484848484848484
7.0,35.04240424042404
6.0,34.35933593359336
8.0,38.162416241624165
6.0,33.79337933793379
5.0,32.30793079307931
8.0,39.614561456145616
4.0,30.080908090809082
4.0,28.305530553055306
9.0,40.70627062706271
8.0,37.80858085808581
9.0,40.44114411441144
8.0,36.645064506450645
8.0,37.1007100710071
8.0,39.6971697169717
5.0,27.525552555255526
6.0,32.61446144614462
7.0,35.48014801480148
9.0,39.364436443644365
7.0,36.526652665266525
6.0,36.03020302030203
6.0,34.59085908590859
5.0,32.11931193119312
4.0,32.20342034203421
5.0,33.5009500950095
4.0,30.63036303630363
7.0,35.21912191219122
8.0,39.53085308530853
6.0,33.34773477347735
7.0,36.163716371637165
4.0,28.902490249024904
8.0,40.77697769776978
8.0,41.43514351435144
6.0,35.615161516151616
9.0,41.31163116311631
7.0,38.74477447744774
4.0,30.501450145014502
8.0,38.36033603360336
7.0,37.391039103910394
8.0,40.792479247924796
4.0,27.953995399539956
7.0,35.47314731473147
3.0,28.934693469346936
9.0,38.86508650865086
8.0,41.57425742574257
5.0,31.087208720872088
4.0,26.692369236923692
6.0,34.63536353635364
6.0,34.864686468646866
8.0,42.596859685968596
6.0,33.962296229622964
9.0,37.96579657965797
9.0,37.175217521752174
8.0,40.07910791079108
5.0,31.611661166116612
7.0,37.11451145114511
6.0,31.396239623962398
5.0,30.083708370837083
5.0,32.82248224822482
7.0,35.37243724372437
4.0,30.161616161616163
7.0,36.45274527452745
8.0,37.35923592359236
7.0,33.8028802880288
6.0,37.294929492949294
7.0,35.62646264626463
8.0,40.83228322832283
6.0,33.42374237423742
7.0,34.86638663866387
8.0,36.41084108410841
7.0,36.54775477547755
6.0,37.572857285728574
5.0,33.01520152015202
7.0,39.001300130013
6.0,33.227622762276226
6.0,31.615661566156614
4.0,28.12971297129713
8.0,36.8956895689569
6.0,31.958995899589958
7.0,35.94059405940594
5.0,33.287328732873284
6.0,30.953195319531954
4.0,26.462046204620464
4.0,28.71247124712471
3.0,27.273327332733274
7.0,33.57045704570457
4.0,29.642264226422643
3.0,25.227822782278228
9.0,38.517851785178514
5.0,27.538553855385537
6.0,36.41624162416242
7.0,38.48724872487249
6.0,35.248024802480245
9.0,40.914191419141915
5.0,32.77247724772477
4.0,31.14821482148215
8.0,38.1995199519952
6.0,36.765976597659765
4.0,25.063406340634064
6.0,34.701370137013704
4.0,30.73077307730773
8.0,37.75087508750875
7.0,37.26592659265926
8.0,35.98339833983398
4.0,27.62056205620562
6.0,33.91769176917692
6.0,27.616961696169618
6.0,36.47174717471747
5.0,32.65026502650265
4.0,28.2974297429743
4.0,27.268326832683268
4.0,27.825582558255824
6.0,32.615861586158616
5.0,27.94749474947495
5.0,32.793779377937796
7.0,36.363836383638365
5.0,28.381738173817382
7.0,39.83588358835883
6.0,35.6991699169917
3.0,28.50915091509151
5.0,31.613261326132612
5.0,31.27812781278128
9.0,41.55465546554655
8.0,37.07980798079808
5.0,29.604160416041605
5.0,34.31153115311531
6.0,34.62396239623963
6.0,32.17861786178618
5.0,33.972397239723975
5.0,29.47004700470047
6.0,33.943194319431946
6.0,32.842484248424846
6.0,35.995699569957
5.0,33.57255725572557
9.0,37.74237423742374
6.0,31.184318431843185
6.0,33.46114611461146
4.0,26.356035603560358
8.0,39.001900190019
4.0,29.11961196119612
7.0,35.76927692769277
7.0,42.01650165016502
6.0,31.005500550055004
7.0,36.536153615361535
9.0,38.562756275627564
7.0,32.76717671767177
7.0,36.1958195819582
6.0,37.58325832583258
4.0,26.413541354135415
6.0,35.203020302030204
6.0,35.57295729572957
6.0,33.598859885988595
4.0,29.904990499049905
7.0,36.5052505250525
3.0,29.21142114211421
4.0,30.74867486748675
8.0,36.71637163716372
5.0,32.358135813581356
5.0,30.958095809580957
8.0,38.54605460546055
7.0,37.01120112011201
5.0,32.705170517051705
5.0,32.59395939593959
7.0,37.22082208220822
9.0,40.882488248824885
4.0,32.02010201020102
5.0,32.106110611061105
8.0,36.90939093909391
8.0,32.71907190719072
5.0,28.81148114811481
3.0,27.59085908590859
6.0,33.78857885788579
4.0,29.004700470047005
9.0,42.042604260426046
7.0,34.58885888588859
8.0,37.35083508350835
8.0,37.737473747374736
5.0,29.780678067806782
7.0,33.52455245524553
5.0,31.91289128912891
4.0,34.31963196319632
6.0,33.18871887188719
6.0,36.337233723372336
4.0,27.657565756575657
8.0,40.63276327632763
8.0,40.11521152115211
4.0,24.30783078307831
7.0,38.355035503550354
8.0,39.55975597559756
4.0,27.277527752775278
5.0,31.294629462946293
6.0,32.233923392339236
5.0,30.8013801380138
7.0,36.59095909590959
9.0,38.422642264226425
6.0,34.401740174017405
4.0,30.536353635363536
6.0,33.3018301830183
6.0,35.61746174617462
5.0,32.13291329132913
6.0,34.945994599459944
9.0,40.525252525252526
7.0,37.513351335133514
8.0,35.63336333633363
8.0,36.935693569356935
6.0,31.05900590059006
6.0,34.118111811181116
5.0,29.11171117111711
4.0,30.503950395039503
5.0,32.37293729372937
9.0,34.94629462946295
5.0,30.335533553355337
5.0,28.923192319231923
7.0,36.68966896689669
9.0,37.41274127412741
4.0,28.72027202720272
5.0,33.36073607360736
6.0,32.58455845584558
7.0,34.613261326132616
7.0,32.18481848184818
3.0,26.418141814181418
4.0,27.02790279027903
6.0,32.21992199219922
5.0,28.984498449844985
4.0,29.014201420142015
8.0,39.42624262426243
7.0,40.58845884588459
5.0,32.956095609560954
5.0,30.944294429442945
5.0,34.202320232023204
5.0,36.46914691469147
6.0,35.297429742974295
9.0,38.91939193919392
5.0,31.09210921092109
9.0,40.32493249324933
6.0,35.66386638663867
5.0,24.354335433543355
5.0,34.83938393839384
5.0,28.86008600860086
9.0,40.13911391139114
8.0,39.04750475047505
4.0,28.626062606260625
5.0,29.53925392539254
6.0,36.001400140014
7.0,36.21142114211421
7.0,38.156115611561155
8.0,36.61626162616262
8.0,40.52385238523853
6.0,33.21532153215322
5.0,30.515651565156517
6.0,31.17981798179818
4.0,26.763776377637765
7.0,30.834483448344834
6.0,35.58505850585058
8.0,37.777477747774775
4.0,27.925892589258925
9.0,40.71837183718372
6.0,35.49384938493849
9.0,37.12871287128713
9.0,37.567156715671565
7.0,35.280228022802284
4.0,28.896889688968898
8.0,36.5020502050205
6.0,34.95059505950595
8.0,38.348634863486346
8.0,34.94169416941694
5.0,30.97049704970497
7.0,37.1971197119712
5.0,29.825982598259827
3.0,29.354335433543355
6.0,37.000900090009004
9.0,38.13061306130613
4.0,28.144814481448144
9.0,41.20342034203421
3.0,27.466046604660466
8.0,38.43364336433643
7.0,35.507550755075506
5.0,28.861986198619864
6.0,35.076307630763075
5.0,33.62136213621362
6.0,32.01190119011901
8.0,42.32153215321532
6.0,33.14081408140814
3.0,25.588858885888587
5.0,31.112811281128113
9.0,38.492949294929495
7.0,37.43894389438944
4.0,25.84958495849585
6.0,33.271327132713274
5.0,30.7980798079808
5.0,33.63276327632763
5.0,31.667466746674666
8.0,36.706470647064705
10.0,39.17061706170617
5.0,31.02000200020002
4.0,32.8041804180418
5.0,31.282528252825283
7.0,38.94249424942494
8.0,38.25782578257826
9.0,41.67566756675667
4.0,25.82258225822582
6.0,34.76747674767477
5.0,28.636563656365638
9.0,41.966796679667965
4.0,26.282928292829283
4.0,26.188218821882188
8.0,38.75807580758076
7.0,35.04690469046905
7.0,36.14371437143714
9.0,40.94559455945595
7.0,38.79297929792979
5.0,28.04000400040004
6.0,36.74727472747275
5.0,29.99329932993299
8.0,36.55135513551355
4.0,26.626062606260625
7.0,36.35213521352135
5.0,34.11341134113411
10.0,39.52105210521052
7.0,35.472647264726476
5.0,33.26522652265226
5.0,30.954995499549955
5.0,27.47034703470347
7.0,34.7036703670367
4.0,27.46904690469047
6.0,35.727372737273726
7.0,37.623462346234625
9.0,41.50745074507451
8.0,37.79177917791779
7.0,29.793679367936793
6.0,37.42054205420542
5.0,31.542754275427544
7.0,35.06850685068507
7.0,39.91829182918292
6.0,34.744474447444745
8.0,39.52375237523752
9.0,41.08890889088909
7.0,35.27912791279128
9.0,37.5998599859986
5.0,32.13171317131713
8.0,37.527852785278526
5.0,33.362436243624366
8.0,37.63276327632763
7.0,34.068106810681066
5.0,31.52905290529053
6.0,35.66646664666467
7.0,35.374037403740374
6.0,32.833183318331834
6.0,32.64646464646464
7.0,37.37913791379138
9.0,36.77697769776978
4.0,28.286428642864287
9.0,40.49514951495149
6.0,35.56045604560456
7.0,36.20762076207621
8.0,38.8980898089809
4.0,27.03680368036804
9.0,38.325132513251326
7.0,37.3984398439844
7.0,37.26052605260526
9.0,39.61286128612861
7.0,38.62006200620062
5.0,28.963596359635964
5.0,29.629362936293628
8.0,39.128312831283125
4.0,30.356135613561356
8.0,39.68266826682668
7.0,36.53125312531253
7.0,32.888288828882885
9.0,37.972997299729975
9.0,38.76117611761176
4.0,28.33153315331533
4.0,31.703070307030703
5.0,33.7028702870287
5.0,35.407540754075406
10.0,38.96109610961096
5.0,31.75117511751175
7.0,32.96449644964496
5.0,33.04510451045105
5.0,29.852485248524854
6.0,36.814181418141814
7.0,38.01580158015802
7.0,36.677367736773675
8.0,37.712671267126716
3.0,28.455645564556455
7.0,36.82268226822682
7.0,35.4971497149715
5.0,32.083208320832085
5.0,32.724172417241725
5.0,29.912491249124912
6.0,34.26042604260426
7.0,39.101610161016104
8.0,36.84968496849685
6.0,35.51185118511851
8.0,37.81558155815581
7.0,36.914191419141915
4.0,29.902190219021904
4.0,30.755675567556757
5.0,28.055205520552054
8.0,36.11721172117212
3.0,28.78817881788179
4.0,28.475247524752476
7.0,39.044104410441044
8.0,38.63386338633863
9.0,40.1045104510451
8.0,36.82018201820182
4.0,25.35783578357836
7.0,37.88108810881088
8.0,38.95239523952395
8.0,36.55605560556056
6.0,31.4997499749975
7.0,37.75507550755076
5.0,34.45834583458346
8.0,37.583658365836584
4.0,28.63106310631063
6.0,32.442944294429445
5.0,32.074407440744075
7.0,35.714571457145716
8.0,39.86718671867187
4.0,29.881688168816883
8.0,38.96839683968397
5.0,28.686068606860687
4.0,28.95849584958496
8.0,40.174517451745174
6.0,34.18301830183018
4.0,26.836183618361837
7.0,38.051005100510054
5.0,35.079507950795076
5.0,31.744274427442743
5.0,32.535353535353536
6.0,36.284028402840285
8.0,37.65806580658066
9.0,42.21022102210221
8.0,39.296029602960296
5.0,30.48704870487049
6.0,34.40474047404741
4.0,30.75687568756876
8.0,39.257525752575255
8.0,39.225022502250226
4.0,29.851885188518853
4.0,27.78877887788779
6.0,31.93949394939494
7.0,37.52975297529753
7.0,36.64796479647965
7.0,37.5991599159916
5.0,31.285528552855286
6.0,35.37763776377638
4.0,28.554055405540556
8.0,40.17081708170817
4.0,28.39103910391039
7.0,36.406340634063405
8.0,37.31803180318032
3.0,28.63926392639264
5.0,34.34243424342434
8.0,39.04510451045105
9.0,37.50735073507351
8.0,39.71827182718272
9.0,36.743074307430746
5.0,27.503950395039503
4.0,29.113811381138113
7.0,35.009200920092006
5.0,26.509650965096508
4.0,31.243624362436243
7.0,37.73397339733973
4.0,28.365836583658364
4.0,27.92969296929693
8.0,39.1969196919692
5.0,30.958995899589958
5.0,30.245324532453246
7.0,31.579357935793578
4.0,30.504850485048504
5.0,29.995599559955995
6.0,32.45814581458146
7.0,38.31743174317432
5.0,32.601960196019604
5.0,31.3992399239924
5.0,30.107910791079107
9.0,40.17091709170917
7.0,36.54275427542754
8.0,37.68866886688669
7.0,38.71297129712971
9.0,40.058605860586056
9.0,38.84868486848685
7.0,36.22812281228123
4.0,30.412341234123414
8.0,39.72977297729773
7.0,36.62436243624362
7.0,34.03170317031703
7.0,37.63206320632063
6.0,34.1051105110511
9.0,40.003500350035004
8.0,39.64166416641664
4.0,28.136813681368135
5.0,32.800180018001804
5.0,30.788678867886787
6.0,31.490949094909492
6.0,34.824182418241826
8.0,39.8016801680168
4.0,30.772677267726774
4.0,29.36853685368537
5.0,29.832983298329832
6.0,36.080108010801084
8.0,37.05570557055706
5.0,30.447644764476447
4.0,26.099909990999098
6.0,33.71237123712371
8.0,35.3025302530253
7.0,36.83098309830983
8.0,34.97609760976098
8.0,38.596359635963594
8.0,41.76757675767577
9.0,41.01190119011901
6.0,33.722172217221726
9.0,39.074307430743076
8.0,36.73597359735974
5.0,34.19161916191619
9.0,39.513151315131516
4.0,30.54045404540454
6.0,36.975697569756974
5.0,31.804480448044803
5.0,34.62186218621862
4.0,26.54115411541154
8.0,40.134513451345136
5.0,30.493049304930494
7.0,41.590559055905594
5.0,29.343534353435345
7.0,41.5960596059606
4.0,27.32013201320132
5.0,26.693069306930692
6.0,29.588858885888587
9.0,42.366936693669366
4.0,29.16881688168817
6.0,33.88458845884588
8.0,37.256925692569254
4.0,27.697169716971697
5.0,30.65866586658666
6.0,31.887188718871887
5.0,34.13311331133113
3.0,27.31013101310131
7.0,38.837583758375835
5.0,30.493649364936495
4.0,27.546554655465545
4.0,27.062106210621064
5.0,34.376637663766374
4.0,27.616061606160617
6.0,30.864486448644865
8.0,40.23062306230623
4.0,29.04050405040504
5.0,32.37563756375638
5.0,31.213521352135214
6.0,31.220522052205222
5.0,26.715271527152716
6.0,33.06080608060806
5.0,33.14501450145014
5.0,29.60706070607061
7.0,34.464546454645465
5.0,30.837683768376838
5.0,28.93149314931493
6.0,33.78927892789279
4.0,32.015401540154016
8.0,32.89088908890889
4.0,29.214721472147215
7.0,36.4964496449645
8.0,40.28832883288329
5.0,35.1032103210321
8.0,36.48514851485149
6.0,30.35753575357536
6.0,31.91199119911991
5.0,23.955795579557957
6.0,28.572857285728574
5.0,32.973097309730974
4.0,26.9017901790179
5.0,31.7980798079808
5.0,28.805080508050803
7.0,34.78607860786079
5.0,29.906690669066908
6.0,32.69066906690669
8.0,41.36093609360936
4.0,28.782178217821784
6.0,34.31813181318132
4.0,30.071707170717072
6.0,34.06960696069607
6.0,36.86988698869887
7.0,38.32373237323733
5.0,34.33193319331933
6.0,37.076407640764074
9.0,40.276527652765274
9.0,39.95899589958996
8.0,40.577957795779575
6.0,33.04110411041104
8.0,39.63516351635163
3.0,28.2993299329933
6.0,33.935693569356935
5.0,26.313531353135314
9.0,36.55035503550355
6.0,35.31613161316132
6.0,34.80618061806181
4.0,25.046204620462046
4.0,29.268326832683268
8.0,38.24012401240124
3.0,31.269626962696268
4.0,26.315031503150315
4.0,28.964996499649963
7.0,34.87708770877088
7.0,39.524652465246525
8.0,40.67776777677768
8.0,39.31753175317532
4.0,30.20962096209621
4.0,30.25872587258726
6.0,33.41964196419642
8.0,39.99129912991299
9.0,40.15071507150715
7.0,31.834683468346835
7.0,39.296629662966296
7.0,38.35713571357136
8.0,37.37743774377438
6.0,36.233923392339236
7.0,36.65976597659766
8.0,39.08000800080008
5.0,30.055705570557055
5.0,32.07960796079608
5.0,31.23032303230323
5.0,27.784478447844783
5.0,33.5998599859986
7.0,35.74897489748975
6.0,34.28982898289829
6.0,29.918191819181917
4.0,27.523352335233522
9.0,38.787478747874786
6.0,35.45054505450545
9.0,41.15401540154016
5.0,31.036903690369037
4.0,30.88248824882488
3.0,28.292429242924293
8.0,39.52885288528853
8.0,37.75767576757676
4.0,26.881988198819883
4.0,28.793979397939793
6.0,32.88088808880888
9.0,39.33063306330633
9.0,39.24582458245825
7.0,39.24252425242524
5.0,31.776677667766776
9.0,36.9018901890189
5.0,28.27832783278328
5.0,24.71727172717272
7.0,38.563856385638566
7.0,34.38743874387439
8.0,39.7035703570357
6.0,32.25892589258926
8.0,36.45484548454846
4.0,32.72507250725072
7.0,38.06670667066707
8.0,35.51855185518552
9.0,41.101610161016104
3.0,31.387038703870388
3.0,28.746074607460745
8.0,41.17911791179118
5.0,29.244324432443243
4.0,27.352535253525353
7.0,37.62146214621462
4.0,29.003700370037002
4.0,27.48104810481048
8.0,38.02330233023302
8.0,34.975597559755975
7.0,39.75987598759876
6.0,35.92589258925893
5.0,29.177917791779176
8.0,33.02020202020202
5.0,32.043904390439046
6.0,32.86988698869887
9.0,38.283928392839286
9.0,41.002200220022004
5.0,31.07980798079808
3.0,27.585758575857586
6.0,36.35993599359936
4.0,30.24012401240124
8.0,41.369536953695366
5.0,32.42094209420942
9.0,37.3025302530253
9.0,39.48464846484649
7.0,36.43064306430643
4.0,27.952695269526952
8.0,37.14781478147815
7.0,37.86048604860486
6.0,34.45094509450945
6.0,35.44064406440644
9.0,37.24962496249625
4.0,26.233923392339236
5.0,30.054005400540053
5.0,34.85108510851085
4.0,31.068006800680067
8.0,40.45394539453945
5.0,30.321532153215323
3.0,25.744674467446746
9.0,39.13481348134813
8.0,36.95239523952395
9.0,40.31403140314031
4.0,29.70987098709871
6.0,31.54105410541054
4.0,28.40874087408741
5.0,28.423642364236425
4.0,26.293929392939294
5.0,29.835883588358836
7.0,34.24042404240424
8.0,37.46114611461146
7.0,37.49204920492049
9.0,41.14621462146214
6.0,32.83778377837784
6.0,32.25952595259526
8.0,38.276427642764276
6.0,36.10931093109311
7.0,37.4000400040004
8.0,40.833783378337834
9.0,39.023002300230026
4.0,31.18781878187819
3.0,30.664766476647664
8.0,38.8955895589559
4.0,27.335833583358337
4.0,34.89278927892789
8.0,37.45974597459746
6.0,30.04940494049405
9.0,39.82848284828483
6.0,36.27352735273527
6.0,34.694369436943695
7.0,33.27102710271027
4.0,27.554655465546556
4.0,29.195419541954195
5.0,30.04150415041504
7.0,35.523352335233525
7.0,36.85048504850485
9.0,37.01720172017202
7.0,37.049104910491046
7.0,36.888288828882885
4.0,26.93989398939894
7.0,37.03430343034304
5.0,31.816281628162816
4.0,26.216721672167218
5.0,31.225522552255224
9.0,39.53025302530253
4.0,26.28302830283028
4.0,27.41134113411341
8.0,39.78657865786579
3.0,25.386238623862386
5.0,30.027402740274027
5.0,28.53925392539254
5.0,25.676167616761678
7.0,35.455045504550455
5.0,30.587258725872587
5.0,36.72597259725973
7.0,37.19181918191819
6.0,33.106010601060106
6.0,36.114311431143115
6.0,32.936493649364934
4.0,31.035303530353037
8.0,39.23182318231823
5.0,29.784378437843785
4.0,28.001100110011002
5.0,31.891489148914893
5.0,25.211321132113213
5.0,29.39093909390939
4.0,29.527352735273528
7.0,36.025602560256026
7.0,34.32933293329333
5.0,29.92749274927493
4.0,29.66966696669667
7.0,31.302230223022303
5.0,31.80718071807181
5.0,33.555855585558554
3.0,24.786278627862785
6.0,33.227022702270226
5.0,29.612261226122612
5.0,27.933393339333932
4.0,29.593159315931594
5.0,33.40834083408341
8.0,36.795179517951794
7.0,36.88358835883589
5.0,31.363736373637362
4.0,27.043604360436042
6.0,35.35923592359236
9.0,41.16581658165816
6.0,33.41284128412841
8.0,41.515751575157516
7.0,35.03110311031103
8.0,39.86238623862386
6.0,34.086408640864086
8.0,40.600060006000604
5.0,31.383338333833382
3.0,29.663466346634664
8.0,38.358135813581356
7.0,33.75067506750675
6.0,36.454945494549456
6.0,34.12611261126113
8.0,39.47024702470247
9.0,40.954695469546955
7.0,39.002900290029004
4.0,29.073507350735074
4.0,29.65026502650265
5.0,31.67796779677968
5.0,30.296329632963296
9.0,39.55945594559456
6.0,32.86888688868887
4.0,29.50925092509251
4.0,29.123312331233123
5.0,28.100210021002102
8.0,39.34633463346334
3.0,28.727272727272727
6.0,36.2019201920192
6.0,34.78517851785178
4.0,25.957795779577957
6.0,28.674167416741675
6.0,35.593159315931594
6.0,32.82158215821582
4.0,27.32873287328733
8.0,34.323832383238326
7.0,38.38743874387439
9.0,40.235923592359235
8.0,40.11611161116112
6.0,35.774077407740776
6.0,34.037703770377036
9.0,39.33143314331433
6.0,32.4006400640064
6.0,35.06910691069107
9.0,40.11711171117112
7.0,37.92509250925092
3.0,28.47174717471747
6.0,33.56865686568657
5.0,32.244024402440246
5.0,29.5003500350035
6.0,33.32493249324933
4.0,31.416941694169417
8.0,38.66166616661666
4.0,26.28302830283028
5.0,31.935093509350935
9.0,38.56825682568257
4.0,33.76247624762476
6.0,36.44584458445845
4.0,30.156615661566157
4.0,30.305530553055306
7.0,36.763476347634764
3.0,26.743674367436743
4.0,27.954295429542956
9.0,41.51615161516152
8.0,39.8990899089909
4.0,29.70977097709771
4.0,33.46724672467247
9.0,42.223122312231226
5.0,30.825782578257826
4.0,27.805280528052805
4.0,27.54085408540854
6.0,35.11141114111411
6.0,32.50905090509051
7.0,36.92509250925092
6.0,36.67586758675868
6.0,34.91579157915792
4.0,29.576257625762576
4.0,28.823682368236824
4.0,26.437843784378437
4.0,28.72977297729773
8.0,39.745774577457745
5.0,32.562656265626565
8.0,40.53215321532153
5.0,33.93089308930893
9.0,37.34723472347235
6.0,35.84928492849285
8.0,39.583658365836584
5.0,32.27732773277328
7.0,37.752575257525756
3.0,28.904590459045906
7.0,34.81518151815182
7.0,35.798979897989796
4.0,26.36093609360936
7.0,36.16221622162216
5.0,31.793879387938794
4.0,31.82878287828783
7.0,34.83348334833483
6.0,36.983298329832984
4.0,29.922792279227924
6.0,32.73457345734573
8.0,39.56435643564357
9.0,38.47494749474947
4.0,25.657665766576656
4.0,28.364336433643363
3.0,26.74987498749875
5.0,31.75197519751975
9.0,41.71367136713671
9.0,37.596959695969595
5.0,28.99069906990699
8.0,38.116911691169115
5.0,25.621762176217622
8.0,39.90629062906291
6.0,36.76307630763076
8.0,37.3997399739974
5.0,30.55825582558256
8.0,37.3044304430443
6.0,29.06050605060506
4.0,25.24092409240924
7.0,35.06070607060706
5.0,33.11141114111411
7.0,36.2045204520452
9.0,39.72637263726373
9.0,34.75987598759876
7.0,39.39073907390739
6.0,33.97099709970997
8.0,40.85828582858286
4.0,29.301630163016302
6.0,34.93789378937894
7.0,36.71417141714171
5.0,25.927092709270926
7.0,35.52765276527653
8.0,41.005400540054005
9.0,38.172517251725175
6.0,33.23382338233824
4.0,30.160716071607162
6.0,31.7991799179918
9.0,37.282028202820285
3.0,28.22972297229723
4.0,27.847284728472847
9.0,42.18361836183618
6.0,34.04680468046805
7.0,34.34093409340934
8.0,40.759675967596756
6.0,32.335933593359336
3.0,28.17921792179218
7.0,36.153615361536154
5.0,31.916291629162917
6.0,31.377237723772378
7.0,38.682868286828686
5.0,29.87328732873287
8.0,39.424042404240424
7.0,36.21232123212321
6.0,33.311231123112314
4.0,28.477747774777477
7.0,34.34913491349135
6.0,35.85898589858986
6.0,30.54975497549755
6.0,34.29182918291829
8.0,38.183318331833185
6.0,35.32163216321632
5.0,30.47094709470947
6.0,31.932393239323932
7.0,35.42554255425542
8.0,38.41044104410441
4.0,31.16241624162416
7.0,37.00940094009401
6.0,34.08430843084309
6.0,35.35033503350335
7.0,38.501850185018505
7.0,37.25202520252025
6.0,31.774477447744776
6.0,37.445644564456444
8.0,38.66956695669567
8.0,35.5983598359836
4.0,30.796579657965797
6.0,35.02330233023302
7.0,39.035103510351036
6.0,35.82388238823882
3.0,28.94079407940794
8.0,35.84868486848685
4.0,29.596859685968596
6.0,34.2977297729773
5.0,28.415241524152414
6.0,33.251125112511254
8.0,35.90819081908191
3.0,25.33243324332433
4.0,26.002400240024002
5.0,33.66136613661366
9.0,40.68406840684069
6.0,35.63456345634563
8.0,37.532953295329534
5.0,31.11951195119512
4.0,27.076507650765077
4.0,28.895389538953896
8.0,36.52435243524352
6.0,36.293429342934296
7.0,36.184618461846185
6.0,33.33443344334434
7.0,34.49054905490549
4.0,27.48734873487349
8.0,38.82058205820582
6.0,36.33983398339834
5.0,34.09070907090709
7.0,38.5999599959996
6.0,34.147214721472146
7.0,35.07420742074208
7.0,35.460746074607464
9.0,40.17341734173417
8.0,37.48724872487249
6.0,38.95639563956396
6.0,32.326432643264326
5.0,27.33763376337634
6.0,34.624062406240625
5.0,32.472047204720475
8.0,33.67846784678468
3.0,24.994299429942995
4.0,27.605360536053606
5.0,33.19381938193819
4.0,30.61266126612661
6.0,36.893289328932894
9.0,39.7014701470147
5.0,35.906590659065905
7.0,37.55075507550755
8.0,37.8999899989999
7.0,38.94749474947495
4.0,28.731973197319732
7.0,36.96179617961796
9.0,42.24052405240524
5.0,28.000700070007
6.0,34.46244624462446
8.0,39.757775777577756
9.0,38.687468746874686
7.0,36.95559555955595
6.0,35.88788878887889
7.0,37.03530353035303
4.0,28.196519651965197
4.0,26.495949594959495
5.0,31.24792479247925
9.0,38.911691169116914
8.0,37.97319731973197
5.0,29.941794179417943
9.0,39.94109410941094
9.0,40.26652665266526
5.0,31.577557755775576
8.0,41.08020802080208
6.0,33.31333133313331
5.0,30.805880588058805
6.0,32.69016901690169
4.0,32.10991099109911
8.0,35.430943094309434
7.0,33.21522152215221
8.0,38.377237723772375
4.0,27.46994699469947
6.0,34.28892889288929
5.0,33.655865586558654
7.0,39.36473647364736
7.0,36.96899689968997
5.0,31.556555655565557
3.0,28.384838483848384
4.0,26.13961396139614
7.0,36.85628562856286
3.0,27.985798579857985
9.0,41.24072407240724
5.0,33.652565256525655
4.0,29.693869386938694
6.0,35.46104610461046
6.0,34.08950895089509
4.0,30.746874687468747
9.0,38.45284528452845
7.0,36.666666666666664
7.0,35.793779377937796
8.0,34.64156415641564
3.0,27.932093209320932
9.0,34.15501550155015
9.0,37.85098509850985
5.0,31.575257525752576
5.0,31.105810581058105
7.0,39.24312431243124
7.0,35.19261926192619
9.0,41.182118211821184
3.0,25.974997499749975
6.0,37.223122312231226
6.0,33.441644164416445
7.0,34.484148414841485
8.0,38.42314231423142
7.0,39.20852085208521
4.0,28.86948694869487
6.0,33.28292829282928
6.0,34.54905490549055
8.0,38.404940494049406
4.0,32.14291429142914
8.0,40.32083208320832
6.0,35.242124212421245
5.0,28.863986398639863
6.0,34.34883488348835
5.0,33.85068506850685
4.0,20.547654765476548
9.0,38.18551855185518
7.0,36.25212521252125
4.0,28.465946594659467
4.0,27.76977697769777
8.0,39.106110611061105
8.0,37.45804580458046
6.0,34.36283628362836
5.0,30.115011501150114
7.0,37.06010601060106
6.0,30.375637563756374
8.0,36.003400340034005
4.0,29.007700770077008
5.0,31.993499349934993
6.0,31.744174417441744
6.0,33.73387338733873
6.0,38.446944694469444
5.0,31.233723372337234
6.0,35.52235223522352
6.0,30.136113611361136
3.0,27.23032303230323
6.0,30.75717571757176
4.0,31.583558355835585
4.0,32.28102810281028
9.0,39.94169416941694
8.0,38.35863586358636
5.0,28.426642664266428
5.0,30.613661366136615
5.0,34.61106110611061
9.0,38.165716571657164
5.0,34.15441544154415
6.0,32.94819481948195
8.0,38.065006500650064
7.0,38.68666866686669
6.0,36.889488948894886
5.0,34.795179517951794
7.0,37.22242224222422
6.0,33.48634863486349
3.0,27.16121612161216
5.0,33.391739173917394
8.0,38.87378737873787
3.0,25.337233723372336
6.0,31.385838583858387
4.0,27.515451545154516
7.0,32.282128212821284
4.0,28.938793879387937
9.0,40.85708570857086
6.0,33.1984198419842
9.0,42.576757675767574
6.0,35.25262526252625
4.0,29.62246224622462
6.0,36.98029802980298
6.0,33.073707370737075
5.0,36.37803780378038
6.0,35.134613461346134
8.0,39.02730273027303
9.0,40.994599459945995
5.0,26.873387338733874
8.0,40.99299929992999
5.0,34.914791479147915
8.0,34.52185218521852
6.0,37.734973497349735
5.0,32.26352635263526
10.0,36.5996599659966
8.0,35.94699469946995
9.0,40.26172617261726
5.0,30.09210921092109
7.0,41.15591559155916
7.0,32.074307430743076
8.0,37.05040504050405
5.0,32.52065206520652
5.0,31.073007300730072
9.0,35.36993699369937
5.0,30.458145814581457
7.0,36.35083508350835
5.0,28.339933993399338
7.0,31.603860386038605
5.0,31.64726472647265
4.0,26.95819581958196
4.0,28.87938793879388
5.0,34.54015401540154
4.0,30.914591459145914
7.0,35.3019301930193
6.0,29.75847584758476
6.0,32.294829482948295
5.0,30.236423642364237
9.0,38.91829182918292
5.0,31.026702670267028
7.0,37.71687168716872
7.0,38.32633263326333
5.0,30.478647864786478
8.0,33.73857385738574
7.0,37.33083308330833
6.0,38.787478747874786
7.0,34.81198119811981
7.0,32.693669366936696
7.0,36.31963196319632
6.0,31.51945194519452
3.0,28.10981098109811
6.0,35.178317831783176
7.0,31.475647564756475
10.0,39.54215421542154
7.0,38.61416141614161
6.0,33.57875787578758
7.0,35.13571357135714
6.0,33.02280228022802
9.0,40.722272227222724
7.0,38.255425542554256
4.0,27.816681668166815
8.0,37.46114611461146
4.0,26.787678767876788
8.0,37.18441844184419
8.0,37.36493649364937
6.0,32.94189418941894
5.0,32.92899289928993
7.0,35.015501550155015
9.0,40.484048404840486
9.0,40.3057305730573
7.0,33.985098509850985
5.0,31.181518151815183
4.0,28.24792479247925
7.0,35.343534353435345
7.0,36.23482348234823
4.0,28.043904390439042
7.0,36.87978797879788
4.0,29.403940394039402
7.0,31.704770477047706
8.0,39.884388438843885
5.0,28.763976397639762
8.0,32.78197819781978
9.0,40.18181818181818
7.0,34.38983898389839
9.0,39.53315331533153
6.0,34.07360736073608
7.0,36.69066906690669
4.0,32.42964296429643
8.0,38.422042204220425
5.0,26.935293529352936
8.0,40.91879187918792
3.0,28.21082108210821
6.0,33.83408340834083
9.0,40.57825782578258
5.0,31.71847184718472
8.0,39.94879487948795
4.0,30.013501350135012
4.0,31.541854185418543
5.0,30.865186518651864
4.0,28.11781178117812
4.0,27.18081808180818
7.0,39.168116811681166
9.0,39.32353235323532
8.0,38.04750475047505
7.0,36.43764376437644
5.0,34.38183818381838
4.0,34.306130613061306
6.0,33.727372737273726
7.0,37.22962296229623
9.0,39.21952195219522
9.0,39.84048404840484
8.0,39.00590059005901
5.0,29.414741474147416
8.0,37.574057405740575
9.0,37.086508650865085
4.0,27.51015101510151
7.0,37.2003200320032
5.0,27.000600060006
3.0,28.56035603560356
4.0,29.82128212821282
8.0,37.22882288228823
6.0,31.995899589958995
9.0,41.996299629963
4.0,30.892489248924893
6.0,29.698769876987697
6.0,30.063606360636065
3.0,29.465046504650466
6.0,32.92399239923992
7.0,35.988898889888986
9.0,39.33503350335034
9.0,40.273127312731276
4.0,27.06020602060206
6.0,35.543554355435546
4.0,30.581558155815582
4.0,28.44894489448945
8.0,38.48334833483349
7.0,35.798379837983795
5.0,30.84918491849185
7.0,33.58155815581558
9.0,38.175017501750176
9.0,39.31873187318732
4.0,28.798779877987798
4.0,30.669566956695668
4.0,27.04790479047905
5.0,30.837183718371836
7.0,37.062306230623065
4.0,29.926392639263927
5.0,30.537153715371538
5.0,28.995499549954996
9.0,40.805980598059804
5.0,29.155415541554156
6.0,33.97389738973897
8.0,37.32153215321532
8.0,37.26072607260726
5.0,34.87588758875888
5.0,27.93899389938994
5.0,33.11191119111911
7.0,38.46684668466847
6.0,36.784878487848786
8.0,39.44714471447145
4.0,27.91029102910291
7.0,36.28452845284529
8.0,38.41124112411241
6.0,33.264926492649266
4.0,27.72257225722572
4.0,28.117411741174116
5.0,32.32613261326133
7.0,38.353735373537354
8.0,38.48984898489849
9.0,39.3015301530153
9.0,41.53135313531353
9.0,41.54445444544454
8.0,37.72777277727773
5.0,33.183318331833185
5.0,32.015401540154016
9.0,38.14621462146214
8.0,35.29502950295029
8.0,36.255625562556254
4.0,28.602360236023603
8.0,38.80978097809781
4.0,27.965496549654965
5.0,32.798979897989796
8.0,38.74047404740474
9.0,39.46734673467347
4.0,30.285828582858286
7.0,38.34513451345134
6.0,34.40904090409041
6.0,30.51965196519652
8.0,40.34843484348435
9.0,39.822882288228826
6.0,34.282828282828284
7.0,36.02080208020802
6.0,37.72957295729573
6.0,37.891989198919894
6.0,33.65536553655365
6.0,34.06940694069407
4.0,26.891889188918892
3.0,27.861086108610863
8.0,40.71137113711371
4.0,26.67796779677968
4.0,27.215121512151214
5.0,32.78667866786679
7.0,33.838183818381836
4.0,28.139513951395138
4.0,27.506450645064508
6.0,34.84168416841684
6.0,35.95899589958996
6.0,39.53775377537754
5.0,31.947294729472947
9.0,40.227122712271225
5.0,31.963296329632964
8.0,37.14021402140214
4.0,29.236523652365236
4.0,25.74037403740374
8.0,39.6059605960596
7.0,38.356835683568356
8.0,37.271927192719275
3.0,26.03810381038104
9.0,36.92769276927693
7.0,36.62236223622362
3.0,26.975797579757977
7.0,36.673567356735674
7.0,38.49054905490549
4.0,27.58835883588359
5.0,32.33143314331433
6.0,34.33103310331033
4.0,28.346434643464345
7.0,39.67126712671267
5.0,32.18421842184218
7.0,35.955395539553955
6.0,34.64836483648365
5.0,32.998799879988
6.0,29.47034703470347
9.0,37.723572357235724
6.0,32.65876587658766
8.0,38.17231723172317
5.0,30.37873787378738
3.0,27.906790679067907
4.0,31.886588658865886
6.0,32.56085608560856
5.0,30.073407340734075
8.0,36.684268426842685
8.0,32.8022802280228
6.0,35.16531653165317
3.0,26.231623162316232
7.0,38.6961696169617
6.0,36.23242324232423
7.0,34.96709670967097
7.0,36.76047604760476
5.0,33.72367236723672
5.0,30.635763576357636
6.0,35.513151315131516
9.0,38.816181618161814
4.0,27.853385338533855
5.0,29.56805680568057
6.0,29.87138713871387
7.0,37.61566156615662
7.0,36.41844184418442
5.0,32.2988298829883
7.0,36.734373437343734
7.0,38.755875587558755
5.0,33.271327132713274
4.0,29.102110211021103
3.0,27.974597459745976
5.0,29.194619461946196
4.0,27.395739573957396
3.0,25.99049904990499
8.0,38.60686068606861
8.0,36.21152115211521
7.0,34.387338733873385
7.0,38.21722172217222
7.0,37.50845084508451
8.0,36.651365136513654
5.0,29.336433643364337
4.0,29.863586358635864
7.0,34.30853085308531
4.0,25.47094709470947
5.0,30.47144714471447
8.0,39.001100110011
8.0,35.13611361136114
5.0,34.83078307830783
4.0,27.07080708070807
4.0,30.868186818681867
7.0,37.827482748274825
9.0,40.52125212521252
4.0,26.67316731673167
7.0,34.771077107710774
6.0,31.465646564656467
4.0,29.516251625162518
5.0,30.26052605260526
7.0,36.4064406440644
9.0,36.1037103710371
6.0,31.167416741674167
6.0,34.837583758375835
7.0,33.23552355235523
5.0,35.175717571757176
3.0,26.902490249024904
5.0,29.848484848484848
6.0,31.77877787778778
8.0,39.991999199919995
5.0,30.31043104310431
5.0,27.8992899289929
6.0,34.365836583658364
4.0,27.980198019801982
8.0,37.8003800380038
5.0,30.11811181118112
5.0,33.343534353435345
7.0,35.36353635363536
7.0,35.073707370737075
5.0,32.78607860786079
6.0,33.008000800080005
4.0,28.274627462746274
6.0,32.01530153015302
5.0,28.922892289228923
7.0,37.13871387138714
8.0,38.95579557955796
5.0,29.227822782278228
9.0,41.065006500650064
9.0,40.28432843284328
5.0,34.93059305930593
8.0,39.603960396039604
5.0,34.22792279227923
8.0,36.4992499249925
5.0,28.452245224522454
8.0,38.3966396639664
6.0,33.122612261226124
8.0,38.905990599059905
6.0,30.362036203620363
9.0,38.86578657865787
5.0,32.16651665166517
6.0,32.33903390339034
7.0,35.44534453445345
8.0,39.98939893989399
9.0,40.195419541954195
4.0,27.103910391039104
8.0,40.765276527652766
4.0,29.135713571357137
6.0,34.75287528752875
5.0,30.76217621762176
9.0,40.13111311131113
8.0,39.56875687568757
9.0,38.991399139913995
7.0,38.344134413441346
5.0,32.65796579657966
4.0,26.644564456445643
5.0,28.227822782278228
3.0,28.082208220822082
4.0,33.13091309130913
5.0,32.64206420642064
8.0,37.876787678767876
5.0,32.674867486748674
5.0,33.31903190319032
4.0,20.998699869987
8.0,39.323332333233324
9.0,38.813481348134815
8.0,40.75557555755576
8.0,39.30993099309931
9.0,41.754475447544756
5.0,32.2988298829883
5.0,32.13001300130013
7.0,31.36163616361636
6.0,33.97959795979598
6.0,35.03800380038004
4.0,27.282628262826282
5.0,36.7003700370037
8.0,37.42094209420942
8.0,40.714571457145716
8.0,36.61856185618562
7.0,35.584858485848585
5.0,28.83848384838484
5.0,32.35393539353935
6.0,37.272627262726274
6.0,32.917491749174914
5.0,34.60726072607261
8.0,38.23422342234223
6.0,34.2976297629763
5.0,27.554755475547555
3.0,28.797479747974798
6.0,32.15001500150015
4.0,26.85008500850085
5.0,34.42874287428743
6.0,34.13921392139214
8.0,36.506950695069506
6.0,33.86168616861686
5.0,31.422442244224424
7.0,35.58015801580158
8.0,42.25572557255725
8.0,40.07360736073608
8.0,37.54015401540154
7.0,36.2998299829983
7.0,36.585558555855584
9.0,38.907190719071906
7.0,32.64226422642264
6.0,33.977597759775975
5.0,31.194919491949197
8.0,36.605660566056606
5.0,33.32943294329433
7.0,37.87378737873787
4.0,26.07980798079808
4.0,27.863686368636863
5.0,33.402940294029406
7.0,36.11861186118612
8.0,38.43714371437144
6.0,36.60746074607461
9.0,40.40614061406141
6.0,38.06460646064606
5.0,31.243324332433243
10.0,37.95449544954496
5.0,26.536053605360536
4.0,28.18971897189719
8.0,40.04370437043704
7.0,33.24072407240724
6.0,34.87838783878388
4.0,31.363336333633363
5.0,31.51135113511351
6.0,33.1025102510251
4.0,27.284228422842283
7.0,35.52135213521352
5.0,27.885988598859885
8.0,36.827482748274825
7.0,34.54515451545154
6.0,36.82598259825983
9.0,39.711471147114715
7.0,37.26462646264626
5.0,28.382338233823383
9.0,42.299229922992296
5.0,26.464946494649464
9.0,37.357535753575355
9.0,39.996799679968
5.0,36.479147914791476
9.0,40.38173817381738
7.0,37.4976497649765
5.0,34.97989798979898
8.0,37.21962196219622
5.0,30.053405340534052
6.0,33.50835083508351
8.0,36.43014301430143
8.0,36.48304830483048
4.0,26.59115911591159
5.0,32.104710471047106
4.0,25.54965496549655
5.0,29.06940694069407
7.0,38.19501950195019
10.0,39.754675467546754
4.0,29.81058105810581
5.0,33.35843584358436
7.0,39.16711671167117
8.0,37.34843484348435
9.0,41.01510151015101
8.0,38.47124712471247
9.0,37.81578157815782
4.0,26.741774177417742
6.0,34.208120812081205
5.0,32.51565156515652
5.0,31.151215121512152
4.0,27.639163916391638
7.0,37.2013201320132
6.0,34.3965396539654
8.0,40.71697169716972
4.0,28.100510051005102
4.0,31.389038903890388
7.0,35.25952595259526
7.0,33.03910391039104
6.0,33.03350335033503
6.0,31.958395839583957
7.0,36.64166416641664
6.0,32.92079207920792
4.0,28.086208620862084
4.0,29.425242524252425
5.0,33.937093709370934
5.0,30.713571357135713
9.0,38.145314531453145
4.0,30.497749774977496
5.0,34.53075307530753
8.0,35.485448544854485
4.0,27.99019901990199
8.0,38.563356335633564
7.0,36.7968796879688
6.0,31.85048504850485
9.0,38.93279327932793
9.0,37.72377237723772
7.0,38.00450045004501
6.0,35.94819481948195
3.0,24.63066306630663
10.0,37.243524352435244
8.0,38.49084908490849
7.0,38.98879887988799
4.0,29.996299629962998
8.0,38.87508750875087
5.0,28.374537453745376
7.0,39.34883488348835
9.0,40.73847384738474
8.0,36.91759175917592
5.0,29.32033203320332
5.0,27.39113911391139
5.0,31.294529452945294
7.0,35.66426642664266
8.0,38.71367136713671
7.0,36.75277527752775
8.0,39.5015501550155
7.0,40.194719471947195
8.0,36.056805680568054
5.0,33.3006300630063
8.0,40.72967296729673
6.0,32.582258225822585
6.0,35.022402240224025
4.0,29.127112711271128
6.0,34.04760476047605
3.0,28.158215821582157
6.0,29.76907690769077
4.0,33.13741374137414
7.0,36.32853285328533
7.0,34.27622762276228
5.0,29.214121412141214
4.0,29.406640664066405
5.0,33.04900490049005
8.0,40.082708270827084
5.0,29.056705670567055
5.0,28.752275227522752
9.0,35.82888288828883
7.0,34.76957695769577
4.0,26.437843784378437
5.0,28.968496849684968
3.0,28.573357335733572
6.0,40.377837783778375
7.0,38.81268126812681
7.0,36.274527452745275
5.0,32.78797879787979
6.0,33.48184818481848
6.0,34.94419441944194
5.0,29.45094509450945
4.0,27.77107710771077
7.0,36.70977097709771
7.0,38.36603660366037
5.0,33.80878087808781
4.0,29.94779477947795
6.0,35.521452145214525
6.0,34.66756675667567
7.0,38.39443944394439
4.0,29.745474547454744
5.0,28.922592259225922
3.0,26.09060906090609
9.0,41.58985898589859
8.0,40.3004300430043
4.0,27.828582858285827
8.0,36.29062906290629
9.0,40.193419341934195
4.0,30.386538653865387
9.0,37.86648664866487
5.0,28.37813781378138
5.0,29.757575757575758
8.0,39.72897289728973
5.0,29.793479347934795
4.0,29.822082208220824
7.0,38.06250625062506
7.0,37.2019201920192
6.0,38.43764376437644
4.0,29.065606560656065
6.0,35.47884788478848
6.0,33.47294729472947
5.0,26.203820382038202
8.0,36.38003800380038
4.0,28.801980198019802
4.0,28.82718271827183
6.0,35.60846084608461
5.0,33.78057805780578
9.0,39.1989198919892
8.0,36.07390739073907
8.0,38.4965496549655
9.0,38.58025802580258
4.0,30.485748574857485
4.0,30.033703370337033
4.0,27.738573857385738
8.0,40.244224422442244
7.0,33.44054405440544
4.0,29.593159315931594
4.0,27.60806080608061
4.0,29.041904190419043
9.0,39.371437143714374
5.0,30.998199819982
6.0,36.91059105910591
8.0,37.3966396639664
3.0,28.582158215821583
6.0,34.40794079407941
4.0,29.823482348234823
7.0,35.797079707970795
9.0,38.956595659565956
6.0,30.783178317831783
4.0,30.76047604760476
7.0,36.884388438843885
8.0,37.73897389738974
5.0,34.047904790479045
5.0,33.53305330533053
6.0,32.98969896989699
8.0,34.515151515151516
7.0,39.055305530553056
8.0,39.9005900590059
6.0,31.146914691469146
8.0,38.972397239723975
4.0,28.237623762376238
7.0,34.793179317931795
4.0,30.08190819081908
5.0,29.628162816281627
5.0,33.75747574757476
7.0,33.771677167716774
8.0,42.223922392239224
10.0,35.178317831783176
5.0,27.43104310431043
4.0,27.737773777377736
6.0,35.27292729272927
8.0,37.07410741074107
6.0,34.844384438443846
5.0,32.425342534253424
4.0,27.985998599859986
8.0,36.56605660566056
5.0,31.555055505550555
6.0,31.905290529052905
8.0,39.862286228622864
7.0,35.23752375237524
5.0,33.961696169616964
8.0,36.35803580358036
7.0,37.22362236223622
4.0,29.42724272427243
9.0,35.477947794779475
7.0,34.80508050805081
6.0,33.89078907890789
9.0,37.85978597859786
8.0,38.42104210421042
4.0,28.27162716271627
7.0,39.99029902990299
9.0,41.47224722472247
7.0,35.16931693169317
8.0,36.014101410141016
5.0,34.68786878687869
8.0,38.62206220622062
8.0,39.995099509951
8.0,37.77757775777578
7.0,33.23932393239324
4.0,30.68716871687169
4.0,27.75087508750875
4.0,30.61206120612061
5.0,30.913291329132914
8.0,36.211821182118214
9.0,39.02850285028503
8.0,39.275227522752274
8.0,39.128912891289126
5.0,28.437443744374438
6.0,33.38373837383738
4.0,27.833483348334834
8.0,38.613261326132616
4.0,25.987198719871987
6.0,34.47814781478148
6.0,34.70807080708071
7.0,32.71907190719072
4.0,32.596959695969595
10.0,41.44584458445845
9.0,38.66876687668767
5.0,31.84808480848085
4.0,28.606460646064605
8.0,38.68206820682068
6.0,33.47904790479048
8.0,39.296029602960296
4.0,28.957495749574957
5.0,32.531653165316534
7.0,35.72827282728273
9.0,41.13821382138214
5.0,35.78737873787379
8.0,35.76897689768977
7.0,36.323932393239325
9.0,41.892589258925895
6.0,35.85018501850185
6.0,30.30783078307831
9.0,41.196019601960195
5.0,32.292329232923294
5.0,30.53835383538354
4.0,27.903690369036905
5.0,32.313731373137315
4.0,30.38183818381838
4.0,27.438443844384437
8.0,38.84498449844985
5.0,31.576557655765576
4.0,30.796379637963796
9.0,42.13211321132113
7.0,35.206120612061206
8.0,39.28162816281628
9.0,40.080708070807084
6.0,33.88168816881688
5.0,30.294829482948295
4.0,29.473547354735473
5.0,29.40724072407241
6.0,33.501950195019504
8.0,36.31973197319732
3.0,26.355635563556355
6.0,36.46824682468247
4.0,29.123912391239124
5.0,31.057305730573056
4.0,28.6025602560256
9.0,40.620962096209624
5.0,34.78517851785178
4.0,26.873587358735875
5.0,31.84028402840284
5.0,30.21982198219822
9.0,41.58585858585859
5.0,32.57455745574558
9.0,38.73767376737674
4.0,30.62796279627963
7.0,35.14441444144414
9.0,39.65866586658666
5.0,29.597059705970597
6.0,34.6017601760176
6.0,33.76627662766277
5.0,28.567356735673567
7.0,36.71297129712971
5.0,32.004700470047005
7.0,35.731173117311734
7.0,37.71937193719372
5.0,30.373237323732372
7.0,36.348634863486346
3.0,29.314531453145314
8.0,38.313131313131315
5.0,30.208220822082207
4.0,31.21982198219822
4.0,28.345034503450346
6.0,33.27972797279728
4.0,27.486248624862487
8.0,39.14251425142514
5.0,27.666166616661666
7.0,40.06080608060806
5.0,33.78847884788479
8.0,34.477247724772475
9.0,39.20762076207621
8.0,39.48594859485949
6.0,36.083108310831086
8.0,38.477847784778476
9.0,38.66436643664366
6.0,32.47374737473747
5.0,29.30843084308431
8.0,39.67496749674967
8.0,37.38923892389239
8.0,39.800780078007804
4.0,29.949194919491948
4.0,28.77937793779378
6.0,33.252325232523255
9.0,37.87908790879088
5.0,30.935993599359936
7.0,35.887688768876885
6.0,34.16841684168417
7.0,33.1002100210021
4.0,30.055405540554055
8.0,34.952695269526956
4.0,29.74157415741574
9.0,37.65966596659666
8.0,40.36033603360336
8.0,38.567156715671565
4.0,27.377637763776377
5.0,33.15831583158316
5.0,32.204120412041206
5.0,27.7997799779978
5.0,30.335833583358337
8.0,35.82268226822682
4.0,26.341834183418342
5.0,30.440944094409442
6.0,34.14141414141414
5.0,33.69206920692069
5.0,33.06470647064707
5.0,31.675767576757675
7.0,33.28512851285129
9.0,39.256825682568255
8.0,41.997599759976
6.0,34.634763476347636
7.0,39.84168416841684
7.0,39.7954795479548
7.0,35.046604660466045
6.0,31.161016101610162
7.0,37.335333533353335
4.0,27.526752675267527
5.0,27.616261626162615
8.0,39.59385938593859
4.0,32.684368436843684
4.0,31.017901790179017
4.0,31.733473347334733
7.0,35.18991899189919
7.0,35.68376837683768
7.0,37.85678567856786
9.0,39.151015101510154
9.0,39.56795679567957
5.0,31.566556655665565
7.0,37.41994199419942
9.0,39.93899389938994
6.0,33.86198619861986
5.0,30.933193319331934
8.0,37.64126412641264
3.0,25.614461446144613
8.0,39.481548154815485
5.0,31.075107510751074
5.0,32.593159315931594
5.0,31.127112711271128
6.0,34.21812181218122
7.0,37.33133313331333
9.0,39.27762776277628
6.0,34.77097709770977
7.0,35.6027602760276
7.0,36.29332933293329
5.0,30.429242924292428
3.0,25.256825682568255
6.0,36.25902590259026
6.0,32.31333133313331
7.0,34.712671267126716
7.0,34.05810581058106
7.0,37.183218321832186
9.0,38.22352235223522
7.0,37.52685268526853
8.0,37.55075507550755
9.0,38.45854585458546
9.0,39.83258325832583
7.0,35.492349234923495
5.0,28.742674267426743
9.0,41.15251525152515
6.0,37.65226522652265
5.0,32.561956195619565
4.0,25.565756575657566
6.0,33.287328732873284
4.0,27.946094609460946
4.0,30.87718771877188
6.0,34.406840684068406
5.0,28.963296329632964
5.0,30.527052705270528
5.0,32.998899889989
5.0,32.83148314831483
5.0,27.172117211721172
5.0,34.00510051005101
6.0,34.14651465146515
4.0,28.674567456745674
6.0,37.1005100510051
7.0,39.087808780878085
7.0,37.23492349234923
3.0,29.22162216221622
5.0,30.29092909290929
4.0,29.414241424142414
10.0,39.123812381238125
4.0,27.308330833083307
4.0,26.63196319631963
8.0,40.00910091009101
4.0,31.215321532153215
5.0,31.19091909190919
6.0,30.92079207920792
8.0,39.82198219821982
8.0,41.78767876787679
8.0,37.496149614961496
8.0,38.25032503250325
5.0,32.413941394139414
7.0,34.481648164816484
8.0,40.63096309630963
7.0,42.74097409740974
5.0,36.063606360636065
5.0,34.45934593459346
5.0,32.477147714771476
5.0,27.788978897889788
6.0,35.427242724272425
4.0,31.39023902390239
4.0,31.124412441244125
8.0,37.70977097709771
4.0,29.463146314631462
8.0,38.253525352535256
6.0,33.2964296429643
9.0,41.15121512151215
6.0,38.12081208120812
6.0,36.96369636963696
5.0,27.173317331733173
6.0,34.28552855285528
7.0,34.19191919191919
7.0,35.72027202720272
7.0,34.09230923092309
7.0,32.74617461746175
5.0,30.420342034203422
8.0,39.6960696069607
8.0,38.78667866786679
5.0,32.76307630763076
4.0,30.83918391839184
10.0,38.175817581758174
7.0,35.04500450045005
8.0,31.061806180618063
8.0,40.72777277727773
5.0,31.216621662166215
7.0,36.98469846984698
8.0,38.11161116111611
8.0,40.644364436443645
6.0,32.42514251425143
4.0,27.973197319731973
6.0,31.601760176017603
6.0,32.095309530953095
5.0,32.38313831383138
8.0,37.108010801080106
6.0,32.601860186018605
6.0,36.13111311131113
7.0,35.57315731573157
4.0,29.518851885188518
7.0,38.815981598159816
5.0,33.09180918091809
6.0,34.17051705170517
9.0,40.565156515651566
4.0,29.48944894489449
4.0,27.884888488848883
6.0,34.85418541854185
4.0,29.827882788278828
4.0,29.872487248724873
8.0,38.924192419241926
6.0,37.481648164816484
5.0,31.254625462546255
5.0,33.48084808480848
6.0,34.63056305630563
7.0,35.4965496549655
9.0,39.44504450445044
5.0,30.644664466446645
5.0,31.902690269026902
8.0,38.73937393739374
5.0,30.308630863086307
8.0,39.21162116211621
9.0,40.722272227222724
4.0,31.13291329132913
9.0,41.051005100510054
6.0,36.21732173217322
4.0,31.83278327832783
5.0,28.332833283328334
5.0,32.9004900490049
7.0,37.45914591459146
4.0,28.404640464046405
8.0,38.13041304130413
6.0,34.69006900690069
8.0,39.42134213421342
9.0,39.09310931093109
7.0,31.783578357835783
5.0,34.33123312331233
7.0,36.5947594759476
8.0,38.75677567756776
8.0,38.55855585558556
4.0,28.68016801680168
8.0,36.13151315131513
6.0,35.88658865886589
7.0,32.983798379837985
3.0,28.78047804780478
3.0,29.39043904390439
4.0,28.58225822582258
5.0,29.12181218121812
8.0,39.51165116511651
7.0,35.98479847984798
8.0,39.5017501750175
4.0,31.665166516651666
6.0,36.76587658765877
9.0,38.935093509350935
8.0,41.653865386538655
7.0,29.443144314431443
8.0,40.832983298329836
5.0,31.358035803580357
7.0,35.817381738173815
8.0,37.22232223222322
5.0,31.3990399039904
7.0,39.03680368036804
5.0,30.40694069406941
4.0,26.592359235923592
6.0,34.61856185618562
5.0,34.48184818481848
8.0,37.69136913691369
5.0,28.36223622362236
5.0,32.38833883388339
6.0,33.77897789778978
5.0,29.83248324832483
4.0,27.443044304430444
7.0,39.294129412941295
4.0,27.47204720472047
5.0,32.04890489048905
6.0,33.75937593759376
6.0,33.592459245924594
4.0,26.393639363936394
8.0,40.7011701170117
5.0,31.269026902690268
9.0,40.515151515151516
9.0,37.404340434043405
6.0,31.93009300930093
4.0,28.25872587258726
5.0,32.26962696269627
5.0,32.44084408440844
4.0,29.744274427442743
9.0,36.83838383838384
5.0,33.48114811481148
8.0,37.83138313831383
8.0,40.76057605760576
5.0,33.64466446644664
6.0,37.46234623462346
8.0,39.32563256325633
5.0,31.038803880388038
8.0,39.24562456245624
4.0,24.017401740174016
4.0,30.24092409240924
8.0,39.70727072707271
9.0,39.27742774277428
4.0,27.063106310631063
4.0,27.974797479747973
6.0,33.973697369736975
6.0,32.87008700870087
8.0,37.68276827682768
4.0,28.25042504250425
3.0,28.99239923992399
8.0,40.05030503050305
5.0,29.526152615261527
8.0,38.5960596059606
6.0,38.25212521252125
7.0,37.848384838483845
6.0,33.983098309830986
7.0,34.552455245524555
4.0,29.905290529052905
4.0,25.573857385738574
6.0,33.53055305530553
6.0,35.96049604960496
4.0,26.558155815581557
6.0,34.342934293429344
6.0,39.457545754575456
6.0,37.051605160516054
5.0,32.976997699769974
6.0,37.19121912191219
7.0,35.42874287428743
4.0,28.313731373137315
8.0,37.99289928992899
5.0,32.85868586858686
6.0,34.543654365436545
8.0,36.94429442944294
5.0,27.962496249624962
5.0,29.642964296429643
4.0,33.446944694469444
5.0,34.93539353935394
4.0,22.605160516051605
5.0,29.424342434243425
6.0,35.13161316131613
6.0,32.68016801680168
7.0,37.337933793379335
7.0,36.90579057905791
9.0,36.71027102710271
4.0,29.26912691269127
4.0,26.03140314031403
4.0,28.22832283228323
5.0,32.69016901690169
8.0,37.853885388538856
7.0,36.2015201520152
8.0,39.49104910491049
9.0,40.86238623862386
7.0,35.96849684968497
4.0,30.05040504050405
7.0,38.19051905190519
7.0,38.56375637563757
9.0,40.965596559655964
7.0,39.97349734973498
5.0,30.25102510251025
5.0,32.3046304630463
7.0,36.696469646964694
4.0,29.062506250625063
9.0,39.24502450245024
5.0,33.831183118311834
6.0,32.524652465246525
5.0,29.416241624162417
7.0,38.91049104910491
8.0,40.08230823082308
5.0,32.61806180618062
4.0,27.913491349134915
6.0,29.28002800280028
6.0,32.96769676967697
9.0,41.92919291929193
8.0,38.325732573257326
4.0,28.863586358635864
7.0,36.4947494749475
4.0,26.309230923092308
9.0,38.40864086408641
9.0,38.0971097109711
7.0,39.40594059405941
7.0,41.223822382238225
6.0,34.37303730373037
9.0,41.706370637063706
7.0,37.14831483148315
4.0,27.902790279027904
3.0,27.876987698769877
6.0,30.642264226422643
6.0,37.05080508050805
4.0,28.521352135213522
7.0,35.66756675667567
4.0,24.521352135213522
4.0,31.08830883088309
5.0,31.786478647864786
6.0,35.01280128012801
4.0,26.72967296729673
5.0,30.986498649864988
6.0,35.42994299429943
8.0,38.24892489248925
5.0,30.977797779777976
5.0,28.63896389638964
7.0,32.031903190319035
4.0,27.555555555555557
6.0,36.76447644764477
5.0,32.81318131813181
5.0,30.081208120812082
5.0,33.65186518651865
4.0,31.662866286628663
5.0,29.975997599759975
7.0,37.615861586158616
8.0,37.32183218321832
8.0,38.720972097209724
7.0,37.12721272127213
7.0,35.23022302230223
6.0,32.91979197919792
5.0,31.54985498549855
9.0,39.78957895789579
6.0,31.74887488748875
8.0,40.36883688368837
5.0,29.210721072107212
7.0,37.40354035403541
6.0,34.44274427442744
6.0,29.07120712071207
7.0,38.184718471847184
6.0,31.133313331333134
4.0,29.77167716771677
7.0,32.85928592859286
7.0,32.51915191519152
7.0,39.26852685268527
7.0,37.1000100010001
6.0,36.81058105810581
8.0,38.03750375037504
4.0,27.541654165416542
8.0,36.061106110611064
9.0,41.75497549754976
5.0,30.343234323432345
7.0,35.82378237823782
9.0,40.85248524852485
4.0,23.41984198419842
4.0,30.58095809580958
8.0,39.422142214221424
5.0,32.69136913691369
6.0,36.63086308630863
6.0,34.55965596559656
7.0,38.21802180218022
7.0,38.5052505250525
7.0,34.067506750675065
8.0,39.84018401840184
4.0,29.951695169516952
5.0,33.0964096409641
5.0,29.104610461046104
4.0,27.476747674767477
9.0,37.57195719571957
4.0,30.593559355935593
4.0,27.706370637063706
5.0,32.19061906190619
9.0,40.32023202320232
9.0,40.1996199619962
4.0,26.614361436143614
8.0,38.74937493749375
8.0,39.19501950195019
9.0,38.51415141514151
8.0,41.874887488748875
5.0,30.93769376937694
6.0,32.44374437443744
9.0,39.85928592859286
6.0,34.403040304030405
3.0,25.978997899789977
6.0,33.76167616761676
6.0,31.866586658665867
6.0,34.275127512751276
7.0,36.94479447944794
4.0,29.552755275527552
7.0,37.486148614861484
8.0,39.94759475947595
6.0,36.875487548754876
8.0,38.911591159115915
5.0,27.067106710671066
5.0,32.86388638863886
5.0,32.42284228422842
8.0,39.82058205820582
5.0,30.502650265026503
5.0,30.585458545854586
6.0,34.85508550855086
6.0,36.79087908790879
4.0,28.027202720272026
8.0,39.46724672467247
6.0,34.79047904790479
7.0,37.498049804980496
5.0,30.05130513051305
8.0,37.996199619962
9.0,39.444344434443444
7.0,36.648164816481646
5.0,29.16111611161116
8.0,41.27502750275028
8.0,37.722172217221726
5.0,32.23502350235024
5.0,30.247124712471248
5.0,30.665266526652665
8.0,35.63886388638864
5.0,27.03080308030803
6.0,34.877387738773876
6.0,34.97869786978698
5.0,29.093309330933092
8.0,38.217521752175216
8.0,36.72027202720272
7.0,35.0981098109811
4.0,29.503050305030502
5.0,33.971797179717974
6.0,31.652765276527653
9.0,38.64856485648565
7.0,39.57945794579458
5.0,28.11081108110811
5.0,30.196419641964198
4.0,33.8984898489849
4.0,28.63136313631363
6.0,33.9003900390039
5.0,31.654665466546653
6.0,35.47994799479948
4.0,26.18231823182318
8.0,40.05930593059306
8.0,39.10751075107511
6.0,32.06160616061606
7.0,38.64726472647265
7.0,36.94669466946695
3.0,27.576057605760575
8.0,36.43904390439044
5.0,33.72517251725173
3.0,26.99149914991499
9.0,34.45604560456046
8.0,38.25002500250025
8.0,37.57075707570757
8.0,38.50965096509651
9.0,39.00450045004501
5.0,31.765976597659765
5.0,34.122512251225125
4.0,28.355435543554357
10.0,39.71777177717772
9.0,39.394339433943394
8.0,40.23982398239824
8.0,36.92029202920292
7.0,36.44594459445945
4.0,31.42104210421042
4.0,29.11991199119912
4.0,30.84008400840084
5.0,32.27952795279528
4.0,29.15051505150515
4.0,27.34133413341334
7.0,38.26942694269427
6.0,32.69156915691569
6.0,31.873087308730874
5.0,34.741974197419744
6.0,33.136513651365135
8.0,40.16071607160716
4.0,28.115011501150114
6.0,35.4995499549955
5.0,32.67246724672467
4.0,30.055005500550056
3.0,27.236523652365236
5.0,30.42204220422042
8.0,39.96849684968497
3.0,28.041604160416043
4.0,28.307030703070307
7.0,36.49254925492549
5.0,28.976597659765975
5.0,32.77467746774678
9.0,38.42684268426843
5.0,33.847184718471844
6.0,32.71157115711571
9.0,40.41304130413041
6.0,35.081908190819085
4.0,29.66236623662366
6.0,35.56545654565456
7.0,31.12981298129813
6.0,34.33053305330533
7.0,37.2958295829583
5.0,27.9014901490149
4.0,27.999199919991998
4.0,26.645564556455646
6.0,32.793779377937796
9.0,39.71067106710671
8.0,39.926792679267926
4.0,28.419741974197418
6.0,30.576857685768577
8.0,38.45484548454846
4.0,31.974297429742975
8.0,37.93879387938794
6.0,30.882288228822883
4.0,27.6997699769977
6.0,36.52695269526953
6.0,32.28372837283728
5.0,33.01950195019502
5.0,30.855185518551856
5.0,33.93299329932993
6.0,35.352935293529356
9.0,40.03500350035004
6.0,33.67436743674367
5.0,31.357135713571356
7.0,39.006800680068004
9.0,40.26582658265826
5.0,31.77137713771377
9.0,41.203520352035206
5.0,29.616161616161616
8.0,40.49274927492749
7.0,37.747574757475746
8.0,39.004300430043
7.0,39.91819181918192
9.0,40.18121812181218
7.0,35.06150615061506
6.0,34.3971397139714
9.0,42.01200120012001
7.0,36.513851385138516
8.0,38.568356835683566
8.0,38.97969796979698
6.0,33.54725472547255
4.0,27.766776677667767
7.0,37.47644764476448
8.0,39.4064406440644
8.0,38.163616361636166
5.0,29.765176517651764
4.0,29.074507450745074
7.0,34.04970497049705
9.0,40.568356835683566
6.0,30.02890289028903
7.0,32.33203320332033
4.0,28.568556855685568
6.0,32.75607560756075
8.0,39.33933393339334
8.0,39.16781678167817
5.0,33.848984898489846
5.0,26.87878787878788
8.0,38.358235823582355
6.0,33.47444744474448
5.0,32.20912091209121
4.0,27.866486648664868
9.0,37.08150815081508
5.0,29.362436243624362
6.0,32.32063206320632
4.0,30.75967596759676
4.0,29.95889588958896
7.0,40.14061406140614
9.0,39.98869886988699
4.0,29.56835683568357
4.0,28.306430643064306
4.0,24.55215521552155
3.0,28.707670767076706
4.0,30.17121712171217
4.0,29.596759675967597
6.0,33.42284228422842
7.0,36.40744074407441
4.0,29.05070507050705
5.0,35.4965496549655
6.0,29.84108410841084
8.0,38.89178917891789
8.0,38.184018401840184
4.0,24.583258325832585
9.0,38.54225422542254
8.0,39.28072807280728
8.0,37.703170317031706
7.0,35.76517651765177
6.0,33.98789878987899
5.0,25.451745174517452
6.0,36.7028702870287
9.0,37.44204420442044
4.0,29.577057705770578
7.0,37.916791679167915
9.0,37.047904790479045
6.0,30.885188518851884
7.0,33.03810381038104
8.0,38.95229522952295
8.0,39.55735573557356
4.0,28.1973197319732
6.0,32.86748674867487
3.0,27.496249624962495
8.0,39.37243724372437
8.0,38.75297529752975
7.0,35.433343334333436
9.0,40.32023202320232
5.0,30.25782578257826
5.0,31.405040504050405
7.0,32.862786278627865
4.0,30.83938393839384
8.0,39.32933293329333
4.0,29.37133713371337
6.0,35.163616361636166
9.0,40.13851385138514
4.0,29.74087408740874
8.0,39.09480948094809
7.0,36.42684268426843
7.0,33.43964396439644
9.0,37.47934793479348
8.0,38.87028702870287
7.0,37.62116211621162
4.0,32.453845384538454
5.0,30.777377737773776
5.0,31.944994499449944
3.0,27.397839783978398
8.0,38.12351235123512
4.0,28.460546054605462
9.0,41.85868586858686
7.0,37.30773077307731
7.0,35.86648664866487
7.0,36.83788378837884
6.0,34.82698269826983
8.0,36.335333533353335
4.0,27.07940794079408
6.0,33.903990399039905
7.0,37.27602760276027
9.0,38.11611161116112
4.0,26.665266526652665
6.0,32.23482348234823
6.0,33.21542154215422
4.0,27.60736073607361
4.0,26.851885188518853
6.0,32.85988598859886
4.0,29.11271127112711
6.0,35.677367736773675
4.0,29.313931393139313
7.0,36.95179517951795
9.0,39.48854885488549
5.0,28.45054505450545
8.0,36.72317231723172
6.0,38.46014601460146
3.0,28.77017701770177
7.0,36.32913291329133
6.0,30.513551355135515
8.0,34.23882388238824
5.0,30.68716871687169
4.0,29.697569756975696
6.0,35.22422242224222
4.0,34.0944094409441
10.0,39.38063806380638
9.0,42.18541854185418
6.0,33.68336833683368
5.0,28.866986698669866
4.0,31.785078507850784
4.0,31.423942394239425
7.0,36.602460246024606
5.0,33.38173817381738
5.0,29.133213321332132
6.0,35.43324332433243
6.0,36.86128612861286
8.0,36.90999099909991
7.0,38.03610361036104
9.0,41.84108410841084
4.0,26.383638363836383
4.0,28.109410941094108
4.0,30.12181218121812
4.0,25.443744374437443
4.0,30.33243324332433
6.0,30.891789178917893
6.0,29.65836583658366
9.0,41.48314831483148
9.0,40.202820282028206
5.0,30.157515751575158
6.0,27.87748774877488
5.0,28.96929692969297
7.0,38.73067306730673
5.0,31.85028502850285
6.0,35.82178217821782
7.0,36.93689368936894
5.0,30.860486048604862
3.0,30.19041904190419
9.0,39.993299329932995
9.0,39.61486148614861
9.0,39.1978197819782
5.0,36.91319131913191
7.0,35.164316431643165
6.0,35.36873687368737
5.0,29.846484648464845
4.0,29.565156515651566
4.0,30.03840384038404
9.0,37.61186118611861
7.0,39.05250525052505
7.0,36.20782078207821
4.0,29.873987398739875
4.0,27.788678867886787
6.0,32.63956395639564
9.0,41.102310231023104
3.0,28.967896789678967
3.0,30.654065406540653
4.0,29.748374837483748
4.0,28.851985198519852
6.0,34.75617561756176
5.0,28.895989598959897
9.0,38.76767676767677
4.0,28.00790079007901
5.0,31.526152615261527
8.0,40.16711671167117
8.0,37.920492049204924
5.0,33.02610261026103
5.0,31.78847884788479
7.0,32.12041204120412
7.0,36.8985898589859
8.0,39.06320632063206
8.0,37.605160516051605
6.0,35.273827382738276
5.0,25.994599459945995
4.0,25.795679567956796
8.0,38.36083608360836
8.0,39.25092509250925
8.0,35.383438343834385
9.0,41.38493849384938
4.0,31.403240324032403
6.0,34.83018301830183
7.0,36.03740374037404
8.0,37.6016601660166
7.0,37.01020102010201
4.0,26.97079707970797
4.0,23.527752775277527
8.0,40.38983898389839
8.0,39.15081508150815
4.0,29.093109310931094
4.0,28.083108310831083
3.0,26.65876587658766
9.0,39.02140214021402
8.0,38.16251625162516
6.0,31.821582158215822
8.0,37.76987698769877
9.0,38.318231823182316
4.0,26.820882088208823
6.0,36.74977497749775
8.0,36.187218721872185
7.0,34.96309630963096
4.0,29.34993499349935
6.0,34.931293129312934
9.0,40.470847084708474
7.0,37.239723972397236
8.0,38.68856885688569
9.0,41.03550355035504
6.0,31.354535453545356
8.0,37.87638763876387
5.0,31.96959695969597
6.0,33.1027102710271
7.0,35.57445744574458
3.0,27.304830483048306
8.0,37.47304730473047
9.0,38.67446744674467
3.0,30.775477547754775
3.0,28.716071607160718
4.0,28.47174717471747
5.0,27.84978497849785
8.0,38.646964696469645
8.0,39.476047604760474
8.0,38.84078407840784
4.0,29.117011701170117
6.0,32.337833783378336
8.0,35.90909090909091
8.0,38.07810781078108
8.0,35.662066206620665
4.0,30.578657865786578
6.0,37.146714671467144
4.0,28.193919391939193
9.0,41.16041604160416
8.0,39.03820382038204
5.0,33.00200020002
7.0,37.8974897489749
5.0,31.34893489348935
6.0,34.795779577957795
9.0,39.377137713771376
5.0,31.577857785778576
4.0,29.381638163816383
8.0,36.62706270627063
5.0,29.868186818681867
4.0,29.463046304630463
5.0,33.48714871487149
8.0,38.12281228122812
4.0,26.633963396339634
4.0,28.848184818481847
7.0,36.508250825082506
7.0,36.07200720072007
6.0,29.173017301730173
6.0,33.99179917991799
5.0,35.58085808580858
5.0,29.74927492749275
5.0,34.65076507650765
6.0,36.31783178317832
9.0,36.92959295929593
5.0,28.00880088008801
6.0,35.47994799479948
4.0,28.518551855185517
5.0,32.69286928692869
9.0,40.80888088808881
5.0,30.887188718871887
6.0,34.35133513351335
10.0,40.161716171617165
5.0,34.10701070107011
9.0,38.82398239823982
8.0,40.85038503850385
5.0,27.797479747974798
6.0,34.74287428742874
8.0,35.286528652865286
5.0,34.72197219721972
6.0,35.24202420242024
5.0,27.38083808380838
7.0,39.06970697069707
7.0,35.77837783778378
5.0,33.079507950795076
8.0,35.79207920792079
4.0,28.833183318331834
7.0,35.56915691569157
5.0,36.12971297129713
5.0,32.796979697969796
7.0,39.030703070307034
8.0,40.88958895889589
7.0,39.60556055605561
6.0,32.6965696569657
5.0,34.22612261226123
5.0,31.1025102510251
6.0,33.86258625862586
7.0,38.79057905790579
7.0,36.47704770477048
4.0,28.04750475047505
5.0,29.726872687268727
8.0,36.47014701470147
8.0,38.66056605660566
4.0,32.67996799679968
5.0,26.815281528152816
6.0,38.05930593059306
8.0,38.713471347134714
8.0,39.14101410141014
6.0,34.29042904290429
7.0,33.86118611861186
8.0,40.551955195519554
4.0,25.52725272527253
6.0,32.53645364536454
5.0,30.404440444044404
5.0,33.564656465646564
4.0,26.362136213621362
5.0,31.730373037303732
8.0,38.94279427942794
7.0,35.41944194419442
8.0,40.86658665866587
6.0,32.74777477747775
5.0,32.38693869386939
8.0,38.689368936893686
4.0,27.621362136213623
9.0,40.50985098509851
5.0,28.06170617061706
4.0,27.085708570857086
9.0,38.08110811081108
4.0,27.112211221122113
6.0,33.46214621462146
6.0,33.662666266626665
9.0,38.71137113711371
8.0,36.92909290929093
9.0,38.21952195219522
5.0,31.713671367136715
5.0,31.41044104410441
5.0,32.77907790779078
5.0,31.681268126812682
7.0,36.18171817181718
3.0,26.99179917991799
4.0,28.078407840784077
6.0,33.43574357435744
5.0,33.55045504550455
9.0,36.74777477747775
4.0,27.44104410441044
6.0,33.63986398639864
5.0,31.541954195419542
7.0,34.194819481948194
5.0,28.968496849684968
6.0,34.87668766876688
5.0,31.382638263826383
4.0,27.214221422142213
5.0,30.224622462246224
8.0,38.175017501750176
5.0,30.362336233623363
8.0,38.72777277727773
9.0,40.31543154315432
9.0,40.4947494749475
9.0,41.33133313331333
5.0,31.067006700670067
4.0,24.207920792079207
6.0,29.663566356635663
3.0,27.822082208220824
9.0,38.375237523752375
5.0,28.79127912791279
4.0,29.28752875287529
4.0,26.297229722972297
4.0,29.715971597159715
4.0,26.718071807180717
8.0,41.6016601660166
7.0,36.361836183618365
4.0,27.334733473347335
7.0,39.256925692569254
8.0,39.01210121012101
7.0,37.1999199919992
7.0,35.58635863586358
5.0,35.11451145114511
8.0,39.697669766976695
4.0,28.044804480448043
4.0,30.176317631763176
9.0,38.957895789578956
3.0,27.487148714871488
8.0,39.92389238923892
6.0,34.04760476047605
5.0,30.0998099809981
4.0,32.73517351735173
8.0,38.62106210621062
5.0,33.1025102510251
5.0,32.46944694469447
5.0,26.5995599559956
7.0,34.46114611461146
5.0,34.85448544854486
6.0,34.14001400140014
8.0,39.91049104910491
8.0,38.492349234923495
9.0,37.706370637063706
8.0,36.73827382738274
8.0,36.91329132913291
9.0,39.37623762376238
6.0,31.703170317031702
5.0,32.08990899089909
9.0,38.42744274427443
7.0,32.45344534453445
9.0,41.03870387038704
7.0,38.41744174417442
6.0,33.222622262226224
7.0,36.78157815781578
7.0,39.283328332833285
4.0,26.481148114811482
7.0,40.03210321032103
5.0,27.302430243024304
4.0,28.35013501350135
7.0,37.18351835183518
4.0,26.513551355135515
8.0,40.337233723372336
8.0,36.455045504550455
5.0,34.41244124412441
4.0,26.431743174317432
4.0,29.371237123712373
6.0,36.999899989999
9.0,40.11511151115111
6.0,34.21542154215422
4.0,29.322732273227324
8.0,39.54315431543154
8.0,40.044104410441044
6.0,35.02600260026003
6.0,32.186518651865185
9.0,37.115711571157114
8.0,36.12331233123312
4.0,26.984898489848984
8.0,40.582958295829584
7.0,33.422142214221424
5.0,31.232523252325233
8.0,38.501950195019504
5.0,28.163816381638163
6.0,38.717271727172715
5.0,31.960896089608962
4.0,25.21152115211521
9.0,38.58875887588759
4.0,27.476747674767477
4.0,25.775477547754775
5.0,34.259325932593256
8.0,41.21952195219522
8.0,40.75537553755375
7.0,36.79657965796579
9.0,41.53775377537754
7.0,34.602460246024606
9.0,36.6993699369937
5.0,28.628062806280628
6.0,34.56155615561556
7.0,36.448144814481445
7.0,36.01340134013402
8.0,37.642464246424645
7.0,35.21012101210121
5.0,27.28782878287829
4.0,27.455945594559456
6.0,33.216421642164214
8.0,40.12211221122112
7.0,35.598859885988595
7.0,38.891389138913894
6.0,34.52365236523652
4.0,28.51955195519552
4.0,30.275227522752274
7.0,37.6002600260026
6.0,35.72907290729073
5.0,28.740474047404742
9.0,37.62366236623662
6.0,32.45064506450645
4.0,30.08840884088409
4.0,29.12021202120212
4.0,28.572557255725574
8.0,37.62746274627463
6.0,31.507250725072506
5.0,30.122012201220123
8.0,39.757075707570756
4.0,27.54875487548755
10.0,40.03340334033403
8.0,38.37953795379538
6.0,33.83008300830083
5.0,29.244124412441245
6.0,26.159115911591158
5.0,28.46124612461246
9.0,40.755975597559754
6.0,35.44344434443445
6.0,30.865586558655867
7.0,35.036403640364036
5.0,31.07700770077008
5.0,33.993899389938996
6.0,34.320732073207324
7.0,34.83168316831683
8.0,38.677467746774674
7.0,37.66956695669567
4.0,25.385838583858387
7.0,37.15331533153315
6.0,32.216221622162216
6.0,34.91519151915192
8.0,38.455145514551454
5.0,31.523552355235523
6.0,31.95089508950895
5.0,33.34563456345634
9.0,38.77157715771577
5.0,31.493449344934493
4.0,27.951095109510952
5.0,34.91779177917792
8.0,38.94239423942394
6.0,35.35133513351335
8.0,38.4026402640264
7.0,38.6993699369937
3.0,32.44824482448245
6.0,33.22692269226923
7.0,34.704570457045705
7.0,41.82798279827983
8.0,37.52315231523152
6.0,33.41344134413441
5.0,32.07080708070807
7.0,37.60626062606261
5.0,33.24932493249325
7.0,38.16971697169717
5.0,31.475247524752476
5.0,31.347334733473346
8.0,38.03340334033403
5.0,31.90729072907291
4.0,28.04990499049905
4.0,27.4000400040004
8.0,37.16831683168317
5.0,31.034303430343034
6.0,34.52435243524352
5.0,30.884488448844884
5.0,34.175117511751175
4.0,25.683268326832682
5.0,27.52995299529953
8.0,38.92829282928293
8.0,36.87458745874587
5.0,27.824582458245825
4.0,27.811681168116813
4.0,29.627162716271627
4.0,27.23982398239824
4.0,29.39053905390539
4.0,28.947994799479947
4.0,34.382138213821385
8.0,39.04190419041904
9.0,41.406240624062406
9.0,40.21792179217922
8.0,37.35723572357236
6.0,34.239123912391236
6.0,33.444844484448446
9.0,39.35043504350435
7.0,33.20832083208321
3.0,28.737373737373737
9.0,39.94669466946695
6.0,32.867986798679866
4.0,26.9017901790179
8.0,35.90449044904491
9.0,38.403140314031404
8.0,37.145314531453145
8.0,36.13751375137514
3.0,28.18101810181018
5.0,30.462646264626464
8.0,36.605260526052604
9.0,42.35993599359936
4.0,29.78017801780178
6.0,33.577857785778576
6.0,34.81168116811681
5.0,31.84098409840984
8.0,38.014101410141016
7.0,35.857885788578855
5.0,31.804280428042805
5.0,32.82508250825082
7.0,36.637363736373636
6.0,34.76427642764276
7.0,38.04090409040904
5.0,29.68206820682068
6.0,35.88458845884588
6.0,31.307730773077306
4.0,28.322732273227324
9.0,38.041504150415044
7.0,38.329632963296326
8.0,40.16101610161016
4.0,28.392139213921393
5.0,29.083708370837083
9.0,34.45844584458446
5.0,31.003800380038005
9.0,40.167016701670164
8.0,32.237223722372235
7.0,38.524052405240525
6.0,32.834283428342836
7.0,37.28992899289929
4.0,29.59005900590059
9.0,39.02980298029803
6.0,36.7001700170017
5.0,32.094709470947095
6.0,31.930493049304932
7.0,40.202320232023204
8.0,39.08340834083408
5.0,28.094609460946096
4.0,29.391239123912392
9.0,41.7017701770177
8.0,32.96599659965997
5.0,32.633063306330634
6.0,35.08940894089409
8.0,38.177117711771174
6.0,33.97089708970897
5.0,34.359435943594356
6.0,31.34163416341634
9.0,38.24502450245024
9.0,42.06520652065206
6.0,36.644364436443645
7.0,36.02220222022202
8.0,40.75367536753675
5.0,31.515951595159517
3.0,27.544654465446545
7.0,40.98739873987399
5.0,31.74947494749475
9.0,36.01250125012501
9.0,38.65886588658866
7.0,36.27892789278928
6.0,34.01520152015202
5.0,33.936493649364934
8.0,38.432843284328435
4.0,30.247524752475247
8.0,38.13411341134113
8.0,38.93529352935293
9.0,41.25852585258526
8.0,37.19101910191019
8.0,39.00590059005901
3.0,27.815281528152816
5.0,29.188218821882188
7.0,37.53205320532053
5.0,30.004100410041005
8.0,36.71387138713872
9.0,39.854685468546855
8.0,40.86688668866887
6.0,35.375137513751376
4.0,28.543854385438543
7.0,38.52065206520652
4.0,28.26792679267927
5.0,30.313831383138314
8.0,40.01910191019102
7.0,37.442844284428446
8.0,39.33013301330133
5.0,31.187118711871186
9.0,39.764076407640765
4.0,25.3980398039804
7.0,36.29442944294429
4.0,28.02730273027303
7.0,36.1984198419842
8.0,39.000200020002
9.0,40.634363436343634
5.0,29.35053505350535
8.0,38.43904390439044
5.0,30.27952795279528
5.0,29.96019601960196
9.0,34.705870587058705
4.0,30.428342834283427
5.0,31.546954695469548
3.0,26.29062906290629
7.0,36.07520752075207
7.0,35.917391739173915
8.0,38.042604260426046
7.0,38.72757275727573
10.0,38.237223722372235
8.0,38.35003500350035
4.0,27.806780678067806
9.0,39.47754775477548
6.0,32.41044104410441
8.0,40.88788878887889
5.0,29.48984898489849
8.0,40.392339233923394
4.0,29.384238423842383
5.0,25.76217621762176
6.0,32.60846084608461
7.0,38.778677867786776
6.0,35.08500850085009
7.0,35.891389138913894
7.0,36.26232623262326
3.0,29.36773677367737
6.0,33.91079107910791
9.0,40.299229922992296
4.0,30.23872387238724
6.0,35.06830683068307
5.0,33.38703870387039
7.0,35.4998499849985
6.0,33.198019801980195
4.0,27.735373537353734
4.0,29.605960596059607
4.0,30.355835583558356
7.0,34.73337333733373
7.0,34.89478947894789
7.0,33.17721772177218
6.0,34.262526252625264
5.0,32.2063206320632
6.0,34.815281528152816
6.0,34.97939793979398
5.0,35.22952295229523
7.0,36.085908590859084
8.0,36.6009600960096
8.0,36.16661666166617
9.0,41.02470247024702
6.0,34.95959595959596
5.0,31.147514751475146
8.0,38.85868586858686
5.0,30.86738673867387
6.0,34.26662666266627
7.0,37.44634463446344
6.0,33.22122212221222
5.0,37.72317231723172
5.0,31.563656365636565
5.0,28.983398339833983
9.0,41.80578057805781
8.0,37.97789778977898
7.0,35.574057405740575
7.0,38.67816781678168
4.0,34.49264926492649
4.0,26.652165216521652
7.0,35.21862186218622
7.0,37.273127312731276
7.0,38.30723072307231
4.0,27.998399839984
4.0,26.515951595159517
8.0,37.526752675267524
7.0,36.404440444044404
8.0,39.660866086608664
5.0,31.53965396539654
7.0,38.73077307730773
5.0,33.56035603560356
6.0,36.21232123212321
7.0,34.335333533353335
4.0,31.52965296529653
5.0,29.126412641264125
6.0,34.98359835983598
4.0,27.346334633463346
5.0,27.75137513751375
4.0,28.542654265426542
4.0,27.444644464446444
8.0,33.591759175917595
4.0,30.131813181318133
4.0,32.23922392239224
5.0,35.6948694869487
4.0,30.282328232823282
7.0,39.60976097609761
7.0,37.76317631763176
4.0,30.533753375337533
4.0,28.577457745774577
4.0,27.227322732273226
5.0,32.14101410141014
4.0,27.105210521052104
8.0,37.21552155215522
5.0,29.586458645864585
6.0,35.416441644164415
5.0,30.80788078807881
8.0,38.52055205520552
7.0,37.02170217021702
3.0,26.8023802380238
4.0,29.516651665166517
6.0,32.22412241224122
6.0,36.273927392739274
5.0,38.346134613461345
6.0,36.242924292429244
7.0,36.17141714171417
8.0,38.451845184518454
7.0,33.12201220122012
6.0,35.64486448644865
6.0,30.771177117711773
5.0,28.853585358535852
9.0,41.142214221422144
5.0,31.285328532853285
4.0,25.998899889988998
4.0,26.77747774777478
8.0,40.41184118411841
7.0,38.17481748174818
4.0,28.8986898689869
6.0,33.213021302130215
7.0,38.4015401540154
4.0,30.68016801680168
7.0,35.50875087508751
6.0,34.253025302530254
5.0,32.128212821282126
7.0,35.04570457045705
8.0,37.632363236323634
6.0,35.045404540454044
9.0,40.88218821882188
5.0,32.03430343034304
5.0,30.233623362336235
6.0,34.97349734973498
5.0,28.327032703270326
8.0,37.23812381238124
9.0,40.74967496749675
6.0,35.396739673967396
5.0,32.48524852485249
7.0,37.45064506450645
7.0,36.09430943094309
8.0,38.23172317231723
5.0,32.30543054305431
5.0,34.361936193619364
4.0,31.463346334633464
9.0,39.30603060306031
5.0,34.007900790079006
5.0,29.854485448544853
8.0,42.1007100710071
9.0,41.464446444644466
8.0,34.32493249324933
7.0,36.66886688668867
8.0,37.87968796879688
6.0,34.92739273927393
8.0,38.83858385838584
6.0,32.76867686768677
8.0,36.317031703170315
9.0,40.48884888488849
6.0,33.82098209820982
4.0,26.777177717771778
8.0,39.217021702170214
8.0,39.444844484448446
8.0,39.064806480648066
10.0,38.77817781778178
4.0,27.188918891889188
6.0,34.384638463846386
3.0,24.925992599259924
5.0,30.665566556655666
8.0,38.65156515651565
4.0,27.255725572557257
9.0,39.836983698369835
6.0,34.66106610661066
4.0,27.94109410941094
4.0,33.575457545754574
5.0,32.786978697869785
8.0,35.43124312431243
4.0,29.15861586158616
7.0,35.585458545854586
6.0,30.18201820182018
5.0,32.3988398839884
5.0,29.316231623162317
8.0,39.468346834683466
5.0,30.32973297329733
7.0,36.926192619261926
3.0,28.72807280728073
7.0,36.04900490049005
7.0,37.316431643164314
8.0,39.3989398939894
8.0,39.18491849184918
5.0,30.703770377037703
9.0,40.64006400640064
8.0,39.54595459545955
3.0,25.585958595859587
7.0,37.63076307630763
6.0,34.233323332333235
9.0,38.27142714271427
5.0,32.13851385138514
5.0,27.93989398939894
4.0,30.764576457645763
6.0,37.491749174917494
8.0,37.293429342934296
7.0,37.2970297029703
5.0,30.09030903090309
6.0,37.18911891189119
4.0,34.36783678367837
9.0,40.584858485848585
6.0,34.985898589858984
4.0,27.43764376437644
4.0,32.41074107410741
9.0,38.17991799179918
5.0,30.557555755575557
5.0,33.777977797779776
5.0,29.566756675667566
4.0,30.865886588658867
6.0,34.64516451645164
5.0,31.040704070407042
6.0,32.003100310031
4.0,30.11911191119112
5.0,35.2011201120112
8.0,38.86128612861286
4.0,30.591059105910592
4.0,25.932293229322934
7.0,37.85198519851985
7.0,35.223922392239224
5.0,30.00830083008301
6.0,33.78907890789079
4.0,29.814181418141814
5.0,32.948994899489946
4.0,30.050505050505052
6.0,33.1043104310431
6.0,33.42914291429143
5.0,33.593659365936595
9.0,38.110511051105114
4.0,32.197919791979196
4.0,24.705370537053707
7.0,36.74607460746075
7.0,37.267026702670265
6.0,35.00990099009901
5.0,31.420642064206422
6.0,35.59395939593959
5.0,33.51025102510251
8.0,38.397339733973396
5.0,32.19041904190419
4.0,28.037803780378038
6.0,33.164216421642166
4.0,25.595559555955596
10.0,37.48494849484948
5.0,28.748074807480748
4.0,31.162016201620162
6.0,35.63086308630863
4.0,27.48104810481048
9.0,37.64206420642064
6.0,32.53265326532653
4.0,26.734273427342735
8.0,40.525352535253525
6.0,32.82038203820382
6.0,36.09240924092409
8.0,39.73047304730473
4.0,29.358035803580357
5.0,31.847884788478847
5.0,32.30883088308831
5.0,33.27862786278628
6.0,33.965596559655964
5.0,30.48674867486749
6.0,32.213021302130215
9.0,37.873487348734876
9.0,39.15021502150215
7.0,38.33453345334534
4.0,32.018101810181015
3.0,28.64926492649265
7.0,36.25882588258826
6.0,32.25342534253426
9.0,40.85078507850785
4.0,33.206220622062204
5.0,31.406540654065406
5.0,30.932693269326933
5.0,30.52095209520952
6.0,35.696969696969695
6.0,35.79227922792279
4.0,30.965896589658964
5.0,32.048504850485045
4.0,27.712571257125713
8.0,38.32163216321632
4.0,27.10951095109511
5.0,31.08010801080108
8.0,40.773477347734776
9.0,39.40744074407441
9.0,39.28632863286329
4.0,27.556555655565557
4.0,27.626762676267628
8.0,35.8967896789679
8.0,34.72257225722572
8.0,39.91009100910091
9.0,34.467646764676466
7.0,34.7954795479548
5.0,28.47914791479148
6.0,35.66416641664166
6.0,33.90389038903891
8.0,35.05590559055906
4.0,28.07160716071607
6.0,35.59395939593959
8.0,39.31533153315331
5.0,30.62826282628263
6.0,32.291629162916294
5.0,31.416041604160416
4.0,30.22902290229023
6.0,35.57085708570857
7.0,39.277827782778274
8.0,38.774177417741775
6.0,35.726772677267725
8.0,38.076907690769076
7.0,36.97419741974198
6.0,30.742374237423743
8.0,34.99189918991899
3.0,27.23012301230123
6.0,33.399939993999396
4.0,27.98189818981898
5.0,32.74927492749275
10.0,36.4016401640164
6.0,34.320132013201324
6.0,34.307430743074306
7.0,35.78537853785379
4.0,28.134713471347133
6.0,34.281528152815284
6.0,32.992099209920994
7.0,36.21972197219722
8.0,36.0997099709971
5.0,28.560956095609562
7.0,38.702670267026704
5.0,32.33503350335034
3.0,29.700270027002702
7.0,36.31173117311731
3.0,26.24192419241924
7.0,37.10701070107011
5.0,31.812281228122814
4.0,26.51015101510151
5.0,31.004800480048004
4.0,27.775277527752774
8.0,40.200420042004204
8.0,42.35333533353335
5.0,33.55175517551755
5.0,29.834783478347834
7.0,36.453145314531454
4.0,27.92239223922392
4.0,27.453245324532453
7.0,32.74677467746775
8.0,37.73597359735974
5.0,35.82378237823782
9.0,38.974897489748976
9.0,39.893789378937896
8.0,40.24962496249625
7.0,36.873687368736874
3.0,29.07080708070807
8.0,37.75617561756176
5.0,30.147214721472146
4.0,23.877887788778878
6.0,34.43834383438344
6.0,31.578757875787577
6.0,33.48434843484348
7.0,34.66696669666967
5.0,28.245224522452244
9.0,40.337333733373335
7.0,35.533453345334536
7.0,34.242824282428245
5.0,31.754575457545755
4.0,25.98129812981298
8.0,39.46724672467247
8.0,37.516451645164516
6.0,35.72067206720672
6.0,35.73257325732573
8.0,36.85738573857386
8.0,39.862286228622864
3.0,30.293829382938295
5.0,36.36223622362236
8.0,36.05510551055106
6.0,34.9037903790379
9.0,40.37433743374338
6.0,41.54725472547255
9.0,36.62246224622462
8.0,37.235323532353235
8.0,38.10661066106611
6.0,33.05990599059906
9.0,39.92209220922092
7.0,38.82948294829483
7.0,37.69106910691069
5.0,28.988498849884987
6.0,32.8962896289629
5.0,34.99499949995
5.0,30.825382538253827
7.0,35.13971397139714
6.0,34.08920892089209
9.0,40.90869086908691
7.0,37.77457745774578
5.0,31.657265726572657
6.0,29.435643564356436
8.0,37.86648664866487
6.0,35.307430743074306
7.0,36.71007100710071
5.0,33.83938393839384
8.0,37.958495849584956
8.0,38.87768776877688
4.0,26.94169416941694
4.0,27.3023302330233
4.0,26.606260626062607
8.0,38.062906290629066
5.0,33.03930393039304
7.0,37.122512251225125
6.0,35.33573357335734
4.0,28.346334633463346
4.0,24.66076607660766
8.0,36.717171717171716
8.0,39.40674067406741
5.0,31.90789078907891
9.0,38.91779177917792
5.0,29.14121412141214
5.0,26.78847884788479
9.0,41.756475647564756
5.0,33.675967596759676
7.0,37.67316731673167
8.0,39.32103210321032
5.0,33.249224922492246
5.0,25.140114011401142
5.0,32.208020802080206
4.0,29.714471447144714
4.0,32.42184218421842
8.0,33.71687168716872
9.0,38.897089708970896
4.0,27.646564656465646
6.0,32.87838783878388
4.0,31.14091409140914
5.0,27.803980398039805
3.0,28.71027102710271
9.0,37.10461046104611
6.0,37.52685268526853
7.0,34.01270127012701
7.0,37.05850585058506
5.0,31.327932793279327
4.0,32.473447344734474
4.0,26.623662366236623
5.0,35.24512451245125
8.0,37.63116311631163
7.0,34.464646464646464
4.0,32.14031403140314
9.0,38.656465646564655
6.0,31.55965596559656
7.0,38.44654465446545
8.0,38.98029802980298
6.0,36.1033103310331
6.0,35.37973797379738
5.0,29.913091309130913
8.0,38.72177217721772
7.0,30.423142314231423
5.0,30.088508850885088
5.0,27.61046104610461
6.0,36.58995899589959
5.0,32.54285428542854
8.0,39.93209320932093
7.0,34.93789378937894
5.0,28.315131513151314
8.0,38.4984498449845
4.0,28.875387538753877
7.0,32.82848284828483
8.0,39.55225522552255
5.0,30.267826782678267
8.0,39.251125112511254
7.0,36.11191119111911
7.0,36.665266526652665
8.0,36.34703470347035
7.0,37.07960796079608
8.0,39.57775777577758
6.0,36.917991799179916
7.0,32.24632463246325
4.0,27.88968896889689
6.0,32.334633463346336
4.0,26.93219321932193
9.0,39.72897289728973
5.0,30.57015701570157
6.0,32.74357435743574
6.0,35.87508750875087
8.0,37.68986898689869
7.0,36.04230423042304
3.0,27.46004600460046
6.0,36.03560356035604
7.0,36.4028402840284
9.0,37.76697669766977
10.0,40.16601660166017
7.0,35.093909390939096
8.0,34.33843384338434
6.0,36.3978397839784
7.0,35.28122812281228
6.0,33.065006500650064
6.0,34.590559055905594
4.0,26.32083208320832
4.0,30.762976297629763
3.0,28.755975597559758
6.0,33.684868486848686
8.0,39.35663566356636
8.0,35.993199319931996
5.0,29.046104610461047
8.0,39.336033603360335
5.0,33.68476847684769
5.0,30.7001700170017
7.0,36.36403640364036
6.0,32.88548854885489
9.0,38.98659865986598
5.0,29.04720472047205
3.0,29.478047804780477
6.0,37.24932493249325
7.0,33.28192819281928
6.0,32.77197719771977
8.0,36.3977397739774
7.0,34.62636263626363
6.0,32.444144414441446
6.0,33.14431443144314
5.0,35.01820182018202
4.0,28.053405340534052
5.0,31.196619661966196
5.0,33.64656465646565
6.0,35.44514451445144
7.0,38.56365636563656
5.0,33.345534553455344
4.0,30.76757675767577
7.0,32.38313831383138
4.0,28.626962696269626
5.0,30.26112611261126
4.0,27.17741774177418
8.0,37.82088208820882
3.0,29.67026702670267
5.0,34.13001300130013
5.0,31.421342134213422
4.0,33.19191919191919
8.0,38.737573757375735
8.0,35.548754875487546
5.0,31.54855485548555
4.0,28.434443444344435
6.0,36.03540354035403
4.0,29.523252325232523
7.0,34.82438243824382
7.0,37.98049804980498
6.0,32.78897889788979
7.0,36.15271527152715
3.0,25.792079207920793
4.0,29.953195319531954
4.0,29.601160116011602
6.0,33.53585358535854
6.0,34.58775877587759
9.0,39.79077907790779
5.0,32.10841084108411
9.0,41.16971697169717
6.0,34.58725872587259
4.0,29.575957595759576
6.0,37.121912191219124
6.0,35.43624362436243
7.0,37.597059705970594
5.0,33.0989098909891
4.0,28.933793379337935
6.0,37.512551255125516
4.0,28.92109210921092
5.0,33.55105510551055
8.0,36.797079707970795
5.0,27.344034403440343
4.0,29.861686168616863
6.0,33.06450645064506
7.0,37.88938893889389
5.0,28.558155815581557
4.0,28.13011301130113
6.0,35.21142114211421
6.0,33.28012801280128
8.0,41.3034303430343
7.0,38.362536253625365
5.0,33.77847784778478
7.0,33.27172717271727
4.0,32.50945094509451
7.0,36.11531153115312
9.0,39.24632463246325
8.0,37.46154615461546
4.0,30.16151615161516
5.0,28.016301630163017
5.0,34.82268226822682
5.0,30.406540654065406
8.0,41.25922592259226
9.0,40.52165216521652
7.0,39.25972597259726
6.0,38.75637563756376
4.0,28.603260326032604
8.0,38.74687468746875
5.0,33.717371737173714
4.0,28.92999299929993
7.0,39.065606560656065
7.0,36.08420842084208
5.0,31.992599259925992
7.0,32.42774277427743
5.0,31.175717571757176
5.0,25.883688368836882
9.0,38.96249624962496
5.0,28.392739273927393
5.0,26.248124812481247
4.0,31.03770377037704
5.0,31.133713371337134
7.0,36.52495249524952
4.0,27.263426342634265
7.0,36.644964496449646
5.0,33.73447344734473
4.0,26.997699769976997
6.0,35.86258625862586
4.0,29.844384438443843
4.0,27.90729072907291
8.0,38.32993299329933
6.0,32.33443344334434
7.0,36.57505750575058
4.0,27.754475447544756
5.0,33.997399739974
8.0,35.8022802280228
5.0,30.47184718471847
7.0,38.84788478847885
6.0,31.94849484948495
5.0,33.76927692769277
7.0,36.47004700470047
4.0,29.997699769976997
7.0,35.26342634263426
5.0,29.539753975397538
8.0,36.684268426842685
8.0,39.1032103210321
8.0,38.62746274627463
6.0,34.167016701670164
8.0,38.50605060506051
5.0,28.73087308730873
3.0,25.88008800880088
6.0,29.261426142614262
6.0,32.16041604160416
9.0,40.2013201320132
8.0,38.98349834983498
7.0,37.09550955095509
4.0,24.717471747174717
4.0,27.315731573157315
4.0,24.942394239423944
4.0,28.75237523752375
8.0,39.3039303930393
6.0,33.65366536653666
6.0,37.77307730773077
8.0,37.02660266026603
8.0,41.68966896689669
5.0,34.47104710471047
8.0,40.056205620562054
7.0,37.608360836083605
7.0,33.351835183518354
5.0,33.32083208320832
8.0,38.84238423842384
5.0,30.242324232423243
8.0,37.32243224322432
8.0,35.54575457545754
9.0,39.028202820282026
8.0,38.87668766876688
6.0,33.408240824082405
4.0,29.29072907290729
9.0,37.966196619661964
9.0,40.25212521252125
8.0,39.64156415641564
7.0,39.66226622662266
7.0,38.2958295829583
9.0,41.65216521652165
6.0,31.657065706570656
3.0,26.786578657865785
8.0,38.914791479147915
8.0,38.31143114311431
4.0,28.7007700770077
8.0,38.702670267026704
9.0,40.125112511251125
5.0,29.113811381138113
7.0,37.11131113111311
7.0,37.90679067906791
8.0,37.586858685868584
6.0,32.24692469246925
7.0,36.183418341834184
5.0,27.822782278227823
6.0,33.68596859685969
4.0,29.860786078607862
7.0,35.92279227922792
4.0,26.07250725072507
7.0,38.58905890589059
5.0,27.87998799879988
7.0,35.68026802680268
8.0,38.82508250825082
5.0,31.495649564956494
9.0,41.21162116211621
8.0,38.30883088308831
7.0,33.527252725272525
6.0,34.40914091409141
9.0,38.47634763476348
5.0,29.115311531153115
8.0,38.614061406140614
5.0,33.835683568356835
6.0,35.11221122112211
7.0,36.21172117211721
7.0,33.51795179517952
5.0,34.96189618961896
6.0,33.79107910791079
5.0,29.476247624762475
7.0,40.14561456145614
6.0,34.943894389438945
6.0,32.95449544954496
5.0,31.534853485348535
4.0,27.123712371237122
7.0,37.84748474847485
9.0,42.62196219621962
5.0,32.57715771577158
5.0,32.00390039003901
5.0,28.865286528652867
6.0,36.51605160516051
4.0,27.635263526352634
6.0,37.132013201320134
9.0,37.3015301530153
7.0,36.78157815781578
5.0,28.823482348234823
9.0,41.1014101410141
8.0,38.684968496849685
6.0,35.2996299629963
5.0,29.69216921692169
8.0,39.277727772777276
7.0,33.6966696669667
5.0,30.044904490449046
6.0,34.409440944094406
9.0,39.11471147114712
9.0,40.91969196919692
8.0,38.11961196119612
6.0,34.77887788778878
9.0,38.61186118611861
9.0,40.941394139413944
8.0,37.36933693369337
7.0,36.86978697869787
5.0,33.71567156715672
4.0,26.687268726872688
8.0,36.04480448044804
4.0,25.504750475047505
7.0,38.92269226922692
4.0,28.751575157515752
8.0,37.696469646964694
8.0,37.98839883988399
6.0,34.50805080508051
6.0,35.23702370237024
9.0,40.78207820782078
5.0,31.494549454945496
9.0,39.31293129312931
8.0,36.88408840884088
8.0,34.22912291229123
8.0,36.592959295929596
8.0,35.48084808480848
3.0,30.665066506650664
4.0,30.08320832083208
9.0,38.09100910091009
6.0,34.064906490649065
4.0,27.098309830983098
4.0,27.91869186918692
5.0,33.56765676567657
7.0,36.235823582358236
5.0,26.01870187018702
8.0,37.961696169616964
4.0,29.970697069706972
8.0,38.506950695069506
7.0,39.37623762376238
7.0,34.797779777977794
6.0,34.254825482548256
8.0,39.72087208720872
9.0,38.09110911091109
4.0,26.861986198619864
4.0,33.62936293629363
5.0,33.05940594059406
8.0,38.016101610161016
6.0,35.60846084608461
7.0,35.18941894189419
9.0,39.783778377837784
6.0,31.133813381338133
6.0,35.1983198319832
6.0,33.303030303030305
5.0,27.003500350035004
7.0,35.232123212321234
4.0,28.56235623562356
7.0,35.92509250925092
6.0,33.808480848084805
4.0,33.887088708870884
7.0,35.480348034803484
8.0,38.51375137513752
4.0,29.677467746774678
7.0,35.9009900990099
8.0,37.9017901790179
9.0,40.507650765076505
9.0,38.593059305930595
5.0,30.463646364636464
6.0,38.76927692769277
5.0,31.053005300530053
4.0,26.474547454745476
5.0,33.73767376737674
9.0,36.701370137013704
6.0,30.314931493149317
4.0,31.159115911591158
9.0,39.57925792579258
9.0,40.292929292929294
4.0,28.34253425342534
6.0,32.58855885588559
9.0,39.320732073207324
4.0,29.366236623662367
8.0,35.34093409340934
9.0,38.45204520452045
6.0,34.674767476747675
4.0,35.692469246924695
4.0,27.347934793479347
6.0,35.5978597859786
8.0,37.394339433943394
3.0,32.15511551155115
7.0,35.876087608760876
7.0,35.903490349034904
4.0,28.212621262126213
8.0,38.787478747874786
7.0,37.336533653365336
4.0,27.98949894989499
7.0,38.155415541554156
4.0,27.335433543354334
4.0,29.276027602760276
6.0,35.185818581858186
7.0,34.39003900390039
6.0,33.77897789778978
5.0,32.104910491049104
8.0,35.58125812581258
4.0,26.824882488248825
6.0,33.45604560456046
5.0,30.56865686568657
4.0,28.023702370237025
6.0,34.1044104410441
5.0,30.773777377737773
8.0,37.722172217221726
6.0,36.82798279827983
6.0,34.267526752675266
8.0,36.66866686668667
4.0,25.36163616361636
6.0,33.61446144614462
5.0,29.32713271327133
3.0,27.723472347234722
6.0,37.16891689168917
5.0,26.254625462546255
5.0,30.236623662366238
6.0,35.95139513951395
5.0,28.67936793679368
5.0,28.846284628462847
6.0,31.101510151015102
6.0,34.71157115711571
7.0,37.21592159215922
3.0,25.116111611161116
9.0,39.37863786378638
5.0,29.56235623562356
5.0,29.45894589458946
8.0,37.38823882388239
4.0,30.839283928392838
9.0,38.50805080508051
9.0,41.6029602960296
4.0,30.51015101510151
7.0,37.767876787678766
6.0,34.93779377937794
8.0,38.82948294829483
6.0,33.72397239723973
8.0,40.563956395639565
6.0,34.867286728672866
4.0,26.75957595759576
7.0,37.18031803180318
7.0,33.655165516551655
4.0,28.533553355335535
4.0,28.23952395239524
5.0,30.831983198319833
8.0,40.54945494549455
6.0,30.117111711171116
9.0,38.74997499749975
5.0,30.26942694269427
8.0,39.16091609160916
5.0,32.34263426342634
7.0,40.32293229322932
9.0,39.68856885688569
7.0,34.98559855985599
8.0,36.37913791379138
6.0,34.02860286028603
8.0,38.05460546054606
8.0,37.19171917191719
6.0,32.528552855285525
4.0,26.753375337533754
5.0,32.34253425342534
4.0,28.810481048104812
7.0,36.42744274427443
9.0,37.31783178317832
9.0,38.21602160216022
8.0,40.874887488748875
8.0,39.4001400140014
4.0,27.257325732573257
9.0,37.927592759275925
3.0,27.97999799979998
8.0,40.04640464046405
6.0,32.7042704270427
6.0,34.85738573857386
7.0,33.049104910491046
6.0,36.294729472947296
9.0,39.8992899289929
7.0,35.78927892789279
5.0,33.38693869386939
7.0,35.794579457945794
8.0,38.17151715171517
4.0,27.996899689969
8.0,40.90389038903891
6.0,37.04700470047005
7.0,36.38623862386238
6.0,36.68186818681868
9.0,39.71887188718872
4.0,28.18231823182318
9.0,37.255625562556254
3.0,26.80978097809781
5.0,30.672067206720673
8.0,37.51505150515052
8.0,39.22092209220922
2.0,28.52875287528753
9.0,39.98659865986598
6.0,37.985098509850985
5.0,30.48734873487349
6.0,32.313731373137315
7.0,38.20582058205821
4.0,29.575557555755577
7.0,35.72067206720672
5.0,30.737673767376737
4.0,29.841484148414843
9.0,39.8015801580158
5.0,36.11011101110111
4.0,30.34983498349835
8.0,41.09420942094209
4.0,33.4978497849785
7.0,35.51095109510951
4.0,26.44774477447745
6.0,32.91209120912091
6.0,35.99309930993099
4.0,29.998699869987
5.0,32.254825482548256
5.0,35.21672167216722
4.0,28.01930193019302
8.0,39.52135213521352
6.0,35.19191919191919
8.0,40.976397639763974
5.0,31.608460846084608
6.0,37.73777377737774
8.0,38.21942194219422
9.0,39.43824382438244
5.0,31.51325132513251
2.0,29.348134813481348
6.0,36.73137313731373
9.0,40.368936893689366
5.0,27.83248324832483
5.0,31.68206820682068
4.0,28.931393139313933
5.0,29.65096509650965
7.0,36.9004900490049
5.0,29.323032303230324
7.0,41.52035203520352
7.0,37.902790279027904
6.0,34.22922292229223
6.0,36.306830683068306
3.0,27.795479547954795
6.0,33.893989398939894
4.0,27.51985198519852
3.0,29.505950595059506
7.0,38.13101310131013
8.0,37.9015901590159
5.0,29.040704070407042
8.0,35.4008400840084
7.0,34.02660266026603
7.0,31.48164816481648
9.0,40.52305230523052
6.0,33.101610161016104
4.0,31.164816481648163
8.0,40.39133913391339
6.0,34.11521152115211
9.0,38.95319531953195
5.0,28.963096309630963
7.0,37.20652065206521
5.0,34.6022602260226
6.0,34.751375137513755
9.0,40.86168616861686
6.0,34.56365636563656
7.0,35.72627262726272
8.0,38.98559855985599
9.0,38.15061506150615
5.0,30.55835583558356
4.0,26.023102310231025
6.0,32.563956395639565
5.0,31.515351535153517
8.0,39.6990699069907
4.0,28.923292329232922
4.0,28.782678267826782
3.0,26.574057405740575
9.0,40.83168316831683
4.0,30.56865686568657
6.0,36.084408440844086
5.0,29.257725772577256
9.0,41.2038203820382
5.0,29.645564556455646
5.0,31.104110411041106
8.0,40.21732173217322
5.0,26.826482648264825
7.0,35.08160816081608
7.0,37.47544754475447
5.0,30.17281728172817
5.0,30.54075407540754
5.0,33.98549854985499
9.0,41.445444544454446
5.0,30.822082208220824
7.0,35.15091509150915
5.0,35.14191419141914
8.0,39.546354635463544
7.0,36.969296929692966
7.0,39.81948194819482
6.0,33.3038303830383
9.0,38.39503950395039
4.0,27.80818081808181
6.0,32.1988198819882
6.0,30.91109110911091
6.0,33.64856485648565
6.0,34.08410841084108
5.0,32.37183718371837
7.0,38.26872687268727
4.0,29.178217821782177
5.0,34.11641164116411
5.0,26.585958595859587
6.0,37.06580658065806
6.0,33.87248724872487
8.0,36.68826882688269
5.0,28.56075607560756
5.0,30.997799779978
4.0,26.18051805180518
7.0,35.412541254125415
5.0,30.416641664166416
5.0,33.113711371137114
6.0,35.86778677867787
9.0,39.26552655265527
4.0,29.092609260926093
4.0,28.24802480248025
7.0,35.19021902190219
5.0,28.517551755175518
9.0,37.772377237723774
9.0,40.304830483048306
7.0,37.996199619962
4.0,26.132213221322132
4.0,28.83848384838484
7.0,33.998299829983
4.0,24.908990899089908
8.0,39.4952495249525
6.0,36.45664566456646
6.0,32.354235423542356
9.0,39.392339233923394
7.0,28.85878587858786
4.0,28.472247224722473
6.0,31.92879287928793
8.0,38.36043604360436
7.0,32.439843984398436
5.0,29.037503750375038
7.0,37.13041304130413
4.0,30.80928092809281
3.0,26.47954795479548
5.0,34.64896489648965
5.0,25.266526652665267
8.0,36.75537553755375
7.0,39.82028202820282
6.0,33.31233123312331
5.0,31.836183618361837
5.0,31.684568456845685
6.0,34.02160216021602
6.0,34.58885888588859
8.0,36.96959695969597
7.0,34.6020602060206
8.0,38.461946194619465
8.0,37.21272127212721
8.0,39.18811881188119
8.0,37.237123712371236
6.0,34.118811881188115
7.0,37.33353335333533
7.0,37.5954595459546
7.0,34.62166216621662
4.0,26.363936393639364
8.0,39.67176717671767
5.0,31.528352835283528
9.0,38.60786078607861
5.0,34.175017501750176
8.0,42.16071607160716
8.0,33.5977597759776
4.0,33.567856785678565
8.0,41.484148414841485
5.0,31.44834483448345
8.0,38.3033303330333
4.0,27.927292729272928
5.0,28.926392639263927
4.0,30.684068406840684
7.0,39.93149314931493
4.0,26.112211221122113
7.0,34.01090109010901
4.0,26.583358335833584
5.0,31.96259625962596
9.0,40.59145914591459
6.0,36.55485548554856
4.0,27.55315531553155
6.0,35.985098509850985
9.0,41.5987598759876
6.0,35.22722272227223
8.0,36.88878887888789
5.0,26.41864186418642
4.0,30.461746174617463
8.0,39.880588058805884
4.0,28.056505650565057
3.0,31.323132313231323
4.0,30.72677267726773
4.0,27.065706570657067
9.0,38.035803580358035
7.0,37.63796379637964
5.0,31.51115111511151
5.0,30.347534753475347
3.0,27.975997599759975
6.0,33.06700670067007
5.0,26.221522152215222
7.0,36.897689768976896
7.0,38.88548854885489
4.0,29.220522052205222
7.0,36.14961496149615
7.0,38.382238223822384
7.0,38.14581458145815
8.0,40.94289428942894
5.0,32.05710571057106
8.0,36.43784378437844
8.0,40.24712471247125
7.0,37.642464246424645
3.0,28.480848084808482
4.0,29.756375637563757
5.0,34.722872287228725
9.0,37.93939393939394
6.0,32.630463046304634
6.0,37.2038203820382
4.0,30.826782678267826
5.0,30.917591759175917
9.0,40.38713871387139
6.0,34.678667866786675
6.0,36.52645264526453
4.0,27.544454445444543
4.0,30.43954395439544
7.0,34.383538353835384
5.0,26.892189218921892
8.0,38.648164816481646
8.0,35.51485148514851
5.0,31.681868186818683
9.0,39.69096909690969
3.0,29.524952495249526
5.0,29.64906490649065
5.0,31.107610761076106
4.0,29.738973897389737
6.0,32.75627562756276
6.0,32.58765876587659
5.0,31.391839183918393
4.0,30.26882688268827
7.0,36.244824482448244
7.0,28.29062906290629
7.0,34.63266326632663
5.0,32.77697769776978
4.0,30.155115511551156
8.0,39.66126612661266
6.0,30.97819781978198
5.0,28.60706070607061
7.0,37.26602660266027
5.0,35.3985398539854
8.0,39.31473147314731
10.0,38.98559855985599
7.0,33.39503950395039
5.0,32.86028602860286
6.0,37.383338333833386
5.0,33.00520052005201
4.0,27.85888588858886
5.0,27.792679267926793
7.0,38.603760376037606
8.0,37.08610861086109
6.0,34.40934093409341
4.0,28.516251625162518
4.0,29.1019101910191
4.0,26.074507450745074
5.0,32.96449644964496
4.0,28.021302130213023
8.0,40.736873687368735
6.0,34.92249224922492
9.0,41.6008600860086
4.0,29.371537153715373
4.0,31.796279627962797
8.0,37.56355635563556
6.0,34.718571857185715
6.0,29.3990399039904
9.0,41.83468346834683
8.0,37.84018401840184
9.0,40.25662566256626
9.0,41.494349434943494
4.0,31.953795379537954
5.0,31.508450845084507
6.0,35.524752475247524
8.0,40.92989298929893
5.0,31.44134413441344
9.0,39.08940894089409
7.0,39.62526252625263
6.0,33.94119411941194
5.0,30.05150515051505
6.0,31.68836883688369
8.0,38.59225922592259
7.0,35.85228522852285
5.0,35.47434743474347
5.0,29.613061306130614
4.0,26.403240324032403
7.0,37.95249524952495
4.0,29.803780378037803
5.0,29.08910891089109
8.0,38.750775077507754
5.0,32.62706270627063
3.0,26.257325732573257
7.0,37.995999599959994
5.0,28.654865486548655
6.0,37.44904490449045
4.0,27.285128512851283
6.0,35.74137413741374
8.0,39.45004500450045
5.0,24.9017901790179
7.0,37.433443344334435
8.0,37.2946294629463
8.0,36.47294729472947
7.0,38.11281128112811
8.0,37.634263426342635
4.0,27.80718071807181
4.0,29.03990399039904
8.0,36.089608960896086
5.0,28.693269326932693
9.0,42.31683168316832
4.0,29.906190619061906
9.0,38.70697069706971
9.0,41.34253425342534
7.0,36.56695669566957
4.0,29.072007200720073
8.0,38.52495249524952
6.0,35.93409340934093
8.0,39.81938193819382
5.0,31.41864186418642
6.0,33.98399839983998
5.0,32.366936693669366
4.0,28.099609960996098
4.0,28.47144714471447
4.0,29.73787378737874
5.0,30.58745874587459
3.0,27.02890289028903
5.0,32.75697569756976
5.0,32.62876287628763
5.0,29.542654265426542
9.0,39.98789878987899
6.0,33.367636763676366
7.0,38.13251325132513
4.0,27.418541854185417
4.0,29.91289128912891
4.0,23.713371337133715
9.0,41.19251925192519
8.0,38.82648264826483
4.0,28.53065306530653
4.0,25.31093109310931
7.0,38.38303830383038
9.0,40.806480648064806
6.0,35.00940094009401
9.0,36.84868486848685
3.0,28.825782578257826
6.0,34.19681968196819
8.0,38.29002900290029
9.0,40.19441944194419
8.0,40.208020802080206
8.0,37.938893889388936
5.0,28.103710371037103
5.0,32.24942494249425
8.0,36.27852785278528
4.0,27.03010301030103
5.0,32.63586358635864
6.0,33.62106210621062
5.0,31.581758175817583
6.0,27.797479747974798
3.0,28.874887488748875
8.0,35.24512451245125
4.0,25.425742574257427
7.0,38.83398339833983
7.0,36.77567756775677
7.0,36.07650765076507
5.0,27.845484548454845
6.0,33.31343134313431
8.0,36.56675667566757
8.0,38.784878487848786
6.0,34.95449544954496
5.0,30.996699669966997
8.0,35.267526752675266
7.0,36.93799379937994
6.0,33.152215221522155
7.0,35.44204420442044
5.0,30.987898789878987
5.0,30.685468546854686
8.0,40.327132713271325
6.0,34.91439143914391
8.0,39.00850085008501
5.0,32.37943794379438
7.0,37.34573457345734
6.0,33.54255425542554
7.0,37.757175717571755
7.0,38.8042804280428
9.0,41.65086508650865
4.0,27.56235623562356
5.0,32.8010801080108
7.0,33.36603660366037
8.0,38.168816881688166
7.0,34.48634863486349
8.0,36.82458245824582
6.0,33.3064306430643
9.0,35.846484648464845
5.0,31.177017701770176
6.0,33.440444044404444
3.0,27.291429142914293
6.0,35.49204920492049
8.0,40.48074807480748
7.0,37.21852185218522
6.0,35.13551355135514
8.0,38.65616561656166
10.0,40.81088108810881
4.0,26.912091209120913
6.0,34.51085108510851
4.0,24.95859585958596
4.0,27.85078507850785
9.0,41.13551355135514
7.0,35.95109510951095
9.0,39.53835383538354
6.0,34.85978597859786
7.0,37.497449744974496
6.0,32.96719671967197
4.0,28.46984698469847
9.0,38.7986798679868
5.0,34.40674067406741
7.0,35.923692369236925
9.0,41.23702370237024
7.0,38.13081308130813
5.0,32.47044704470447
4.0,29.854685468546855
7.0,35.40844084408441
5.0,32.98149814981498
4.0,28.786878687868786
7.0,35.986298629862986
6.0,34.15401540154016
7.0,37.02400240024002
6.0,35.921092109210925
7.0,37.7960796079608
5.0,35.2019201920192
7.0,37.679867986798676
5.0,33.881188118811885
4.0,26.01230123012301
7.0,37.744374437443746
9.0,38.12151215121512
8.0,38.346734673467346
6.0,36.96149614961496
6.0,33.13951395139514
8.0,39.78967896789679
5.0,29.345034503450346
5.0,35.481548154815485
6.0,34.38763876387639
6.0,34.33193319331933
5.0,30.48704870487049
4.0,26.92939293929393
4.0,28.265426542654264
6.0,37.37173717371737
7.0,38.33503350335034
5.0,30.17931793179318
8.0,37.85088508850885
6.0,32.65866586658666
4.0,27.192019201920193
3.0,29.497349734973497
8.0,39.91899189918992
8.0,37.21682168216822
4.0,26.84058405840584
7.0,36.30593059305931
7.0,36.64656465646565
4.0,29.10871087108711
6.0,33.48884888488849
5.0,30.24252425242524
6.0,36.56895689568957
5.0,28.823482348234823
3.0,28.757375737573756
5.0,34.84488448844885
5.0,33.425242524252425
5.0,32.64206420642064
5.0,34.1024102410241
9.0,40.46904690469047
8.0,40.07130713071307
6.0,32.43204320432043
8.0,38.464546454645465
4.0,28.293429342934292
8.0,36.7960796079608
8.0,38.94789478947895
4.0,29.91259125912591
6.0,34.54785478547855
6.0,29.9017901790179
6.0,34.14511451145115
8.0,39.95059505950595
5.0,33.06220622062206
5.0,40.12781278127813
5.0,34.45964596459646
9.0,36.772377237723774
5.0,32.42504250425043
4.0,30.066806680668066
4.0,25.457345734573458
7.0,33.92509250925092
4.0,26.70927092709271
9.0,33.94429442944294
5.0,31.548054805480547
7.0,37.17101710171017
5.0,32.07390739073907
5.0,31.08290829082908
5.0,29.92029202920292
4.0,31.08130813081308
6.0,34.24572457245725
6.0,27.37073707370737
6.0,30.20982098209821
8.0,33.807780778077806
8.0,39.21992199219922
5.0,29.3992399239924
6.0,36.28572857285729
4.0,28.907790779077907
8.0,39.386038603860385
4.0,29.14921492149215
5.0,31.244124412441245
5.0,35.28062806280628
7.0,35.41534153415341
4.0,29.13051305130513
5.0,32.87188718871887
5.0,32.98489848984899
4.0,26.717071707170717
8.0,38.67176717671767
6.0,31.406740674067407
8.0,40.64096409640964
4.0,28.98959895989599
5.0,24.51025102510251
7.0,39.14171417141714
5.0,29.221122112211223
9.0,37.527252725272525
8.0,37.6999699969997
5.0,31.116211621162115
8.0,40.693769376937695
6.0,34.86008600860086
3.0,27.068906890689068
6.0,32.396839683968395
4.0,28.424342434243425
4.0,29.946094609460946
5.0,32.3977397739774
5.0,31.852985298529852
4.0,32.37543754375437
5.0,33.35713571357136
9.0,37.895789578957896
6.0,33.34653465346535
7.0,35.35123512351235
7.0,37.88208820882088
6.0,28.872187218721873
7.0,36.7936793679368
4.0,22.363236323632364
7.0,38.08350835083508
5.0,30.013201320132012
9.0,40.45074507450745
5.0,28.236223622362235
4.0,28.453745374537455
5.0,31.107810781078108
6.0,32.96659665966597
9.0,41.465246524652464
6.0,35.3958395839584
8.0,39.58875887588759
5.0,27.883888388838884
6.0,30.221122112211223
9.0,37.63016301630163
5.0,30.116211621162115
6.0,35.056005600560056
6.0,33.178917891789176
4.0,30.333533353335334
6.0,36.6985698569857
7.0,37.014101410141016
5.0,32.75157515751575
8.0,41.92529252925293
9.0,36.45984598459846
8.0,37.10981098109811
5.0,26.67806780678068
8.0,35.914791479147915
8.0,39.584158415841586
7.0,31.032503250325032
8.0,40.745774577457745
8.0,39.04180418041804
4.0,28.128712871287128
4.0,26.15871587158716
6.0,35.30733073307331
6.0,37.466546654665464
8.0,38.296029602960296
7.0,36.356235623562355
5.0,31.287728772877287
6.0,35.65856585658566
7.0,39.11851185118512
5.0,31.716271627162715
7.0,35.75277527752775
7.0,35.962996299629964
3.0,28.75107510751075
6.0,36.081908190819085
4.0,30.19221922192219
5.0,30.165416541654164
7.0,36.6002600260026
7.0,36.24112411241124
7.0,36.05890589058906
7.0,35.67256725672567
5.0,31.9023902390239
5.0,31.146614661466145
5.0,31.404640464046405
9.0,40.06590659065907
4.0,32.678667866786675
9.0,40.3052305230523
6.0,34.17951795179518
9.0,39.96329632963296
7.0,38.21842184218422
5.0,33.362436243624366
8.0,38.816181618161814
8.0,38.11541154115412
6.0,34.54835483548355
6.0,34.48874887488749
5.0,31.47144714471447
7.0,33.22082208220822
4.0,26.214621462146216
6.0,34.58975897589759
4.0,33.98879887988799
8.0,37.9000900090009
5.0,32.282128212821284
5.0,31.834483448344834
9.0,42.17611761176118
4.0,30.464246424642464
8.0,37.27602760276027
4.0,27.748374837483748
6.0,29.459645964596458
7.0,38.31613161316132
7.0,36.435443544354435
7.0,36.065506550655066
5.0,29.913891389138914
4.0,27.11151115111511
4.0,34.464546454645465
9.0,39.06040604060406
6.0,36.588058805880586
6.0,33.23192319231923
7.0,35.76897689768977
6.0,32.96519651965197
4.0,30.467246724672467
7.0,34.41864186418642
7.0,37.168816881688166
5.0,32.26542654265427
4.0,31.417341734173416
6.0,37.74677467746775
7.0,38.19371937193719
8.0,36.02110211021102
8.0,39.365836583658364
5.0,29.833583358335833
7.0,35.884388438843885
4.0,21.300930093009303
6.0,34.08000800080008
6.0,34.06280628062806
6.0,35.25832583258326
4.0,26.544354435443545
5.0,32.9041904190419
8.0,37.40774077407741
6.0,32.38883888388839
4.0,29.507250725072506
6.0,33.95679567956795
5.0,31.58075807580758
7.0,37.83968396839684
6.0,35.154815481548155
7.0,37.695169516951694
4.0,27.357935793579358
9.0,40.12611261126113
4.0,28.346434643464345
4.0,28.15981598159816
4.0,26.473847384738473
4.0,27.635863586358635
6.0,31.60926092609261
5.0,33.146614661466145
4.0,28.023802380238024
7.0,35.73847384738474
8.0,36.37853785378538
3.0,29.45924592459246
6.0,36.66356635663566
5.0,29.660366036603662
6.0,35.924392439243924
7.0,35.03820382038204
5.0,33.62926292629263
8.0,37.417041704170416
7.0,37.49074907490749
6.0,34.6053605360536
6.0,37.03610361036104
5.0,34.30913091309131
5.0,30.30983098309831
4.0,29.8008800880088
4.0,30.32833283328333
6.0,36.72887288728873
5.0,33.03100310031003
6.0,34.637363736373636
6.0,34.194019401940196
8.0,37.982498249824985
8.0,37.72697269726973
7.0,39.32693269326933
6.0,36.02960296029603
8.0,39.64396439643964
6.0,32.954795479547954
4.0,29.442244224422442
8.0,37.65366536653666
7.0,35.33493349334933
5.0,31.406540654065406
5.0,34.13011301130113
4.0,26.384738473847385
9.0,38.2996299629963
6.0,35.84868486848685
8.0,37.23542354235423
8.0,38.023702370237025
4.0,29.334233423342333
7.0,36.243524352435244
6.0,37.218221822182215
8.0,42.75427542754275
9.0,36.363836383638365
4.0,27.913591359135914
4.0,30.763776377637765
7.0,33.954095409540955
4.0,30.604560456045604
9.0,40.04190419041904
8.0,37.503050305030506
6.0,35.12731273127313
6.0,33.96959695969597
4.0,26.730373037303732
7.0,34.35043504350435
9.0,40.98869886988699
6.0,35.791279127912794
6.0,35.518351835183516
4.0,25.504550455045504
4.0,28.346834683468348
9.0,39.53875387538754
8.0,39.14001400140014
9.0,40.41014101410141
4.0,29.506750675067508
6.0,33.442344234423445
8.0,37.02050205020502
7.0,39.623362336233626
4.0,28.747874787478747
4.0,28.736273627362735
6.0,31.259825982598258
4.0,30.953895389538953
8.0,38.97339733973397
7.0,36.71187118711871
5.0,35.684268426842685
9.0,40.794579457945794
5.0,31.853985398539855
5.0,28.821182118211823
7.0,31.32863286328633
8.0,37.28632863286329
8.0,38.6947694769477
5.0,30.22002200220022
5.0,28.425042504250424
9.0,39.874787478747876
7.0,40.59085908590859
8.0,40.44634463446344
5.0,26.531453145314533
7.0,33.9016901690169
5.0,28.846284628462847
6.0,33.561456145614564
8.0,36.80558055805581
4.0,25.396639663966397
9.0,37.93949394939494
5.0,32.59005900590059
6.0,35.235923592359235
7.0,36.56565656565657
5.0,31.644464446444644
6.0,35.96449644964496
5.0,29.842184218421842
4.0,27.5990599059906
4.0,28.56175617561756
9.0,38.24632463246325
4.0,26.00950095009501
7.0,37.641164116411645
8.0,36.994599459945995
9.0,39.10401040104011
5.0,31.58905890589059
4.0,27.036703670367036
8.0,39.606560656065604
7.0,38.622262226222624
5.0,31.5975597559756
5.0,33.224522452245225
6.0,35.217621762176215
8.0,34.1975197519752
2.0,28.783678367836785
4.0,26.85788578857886
5.0,30.575057505750575
9.0,39.91189118911891
7.0,36.36863686368637
5.0,32.4995499549955
5.0,33.46814681468147
4.0,26.84128412841284
6.0,36.46124612461246
4.0,26.533753375337533
8.0,40.489248924892486
5.0,30.298529852985297
7.0,36.16261626162616
6.0,38.12851285128513
5.0,32.877387738773876
7.0,38.49004900490049
7.0,36.61836183618362
6.0,42.4007400740074
8.0,41.03970397039704
6.0,31.576357635763575
5.0,30.246024602460245
7.0,37.06950695069507
9.0,41.63216321632163
4.0,28.998699869987
9.0,41.43374337433743
5.0,30.225922592259227
5.0,35.68066806680668
8.0,39.022502250225024
6.0,34.115611561156115
8.0,34.52805280528053
4.0,25.434843484348434
8.0,33.90929092909291
7.0,35.97919791979198
3.0,27.405640564056405
4.0,27.243824382438245
5.0,31.433443344334435
9.0,40.285328532853285
9.0,39.595759575957594
7.0,33.54275427542754
7.0,36.036503650365034
9.0,40.21002100210021
5.0,29.751275127512752
4.0,27.55885588558856
9.0,39.68126812681268
5.0,29.032503250325032
7.0,35.80618061806181
5.0,32.09180918091809
9.0,41.46624662466247
6.0,29.76967696769677
7.0,34.950895089508954
8.0,38.128312831283125
7.0,39.52075207520752
7.0,38.53215321532153
4.0,29.53195319531953
4.0,32.523352335233525
6.0,35.73027302730273
7.0,36.38773877387739
8.0,35.73187318731873
5.0,31.11941194119412
5.0,33.28252825282528
4.0,25.66856685668567
4.0,28.27932793279328
9.0,36.46614661466147
4.0,30.039103910391038
5.0,31.73847384738474
8.0,40.4016401640164
6.0,36.34533453345335
5.0,27.12011201120112
4.0,27.04840484048405
6.0,37.35253525352535
8.0,41.77937793779378
4.0,27.819981998199818
9.0,35.82218221822182
6.0,33.61936193619362
8.0,36.61866186618662
9.0,40.31933193319332
8.0,38.601260126012605
4.0,24.298829882988297
7.0,37.705870587058705
5.0,29.975497549754976
4.0,28.26122612261226
7.0,37.266226622662266
5.0,30.67106710671067
5.0,34.725572557255724
6.0,39.083108310831086
8.0,37.135813581358136
3.0,28.60906090609061
4.0,28.697569756975696
9.0,39.74847484748475
6.0,35.91119111911191
9.0,39.54465446544654
6.0,33.221922192219225
5.0,30.265726572657265
5.0,31.65226522652265
9.0,39.91189118911891
9.0,40.2976297629763
5.0,23.567356735673567
8.0,38.96509650965096
5.0,27.753075307530754
5.0,27.84898489848985
4.0,27.37993799379938
5.0,30.86738673867387
5.0,28.153115311531153
8.0,39.71117111711171
7.0,34.44834483448345
4.0,27.46254625462546
6.0,33.3033303330333
6.0,35.45404540454045
8.0,36.675567556755674
6.0,33.46164616461646
8.0,38.8985898589859
8.0,39.3995399539954
7.0,38.246724672467245
5.0,33.48084808480848
8.0,38.46244624462446
6.0,33.2038203820382
5.0,33.77047704770477
7.0,32.76197619761976
4.0,26.8016801680168
4.0,28.6006600660066
5.0,31.948194819481948
7.0,36.675967596759676
4.0,30.275727572757276
4.0,28.116811681168116
8.0,36.634363436343634
5.0,34.55275527552755
5.0,33.07410741074107
6.0,31.17001700170017
7.0,33.44534453445345
9.0,39.73447344734473
5.0,31.47854785478548
5.0,29.307930793079308
7.0,36.095909590959096
5.0,28.66106610661066
6.0,35.85258525852585
4.0,30.202720272027204
8.0,36.42034203420342
5.0,33.01000100010001
5.0,29.866286628662866
8.0,38.06380638063806
6.0,33.16601660166017
6.0,33.084008400840084
4.0,28.528652865286528
9.0,36.884488448844884
7.0,39.02920292029203
8.0,42.2945294529453
6.0,33.2965296529653
9.0,37.333933393339336
4.0,26.99119911991199
9.0,41.05200520052005
4.0,30.584558455845585
6.0,36.33113311331133
6.0,34.33223322332233
6.0,33.56225622562256
6.0,35.12091209120912
5.0,30.357635763576358
8.0,35.60856085608561
8.0,40.03040304030403
9.0,40.59285928592859
5.0,31.28922892289229
9.0,42.43584358435844
5.0,33.239723972397236
4.0,31.784378437843785
8.0,37.46494649464947
6.0,35.12051205120512
5.0,34.27302730273027
7.0,34.054005400540056
6.0,33.51665166516651
4.0,25.71247124712471
6.0,37.01980198019802
5.0,32.02610261026103
4.0,26.876987698769877
7.0,37.22472247224722
8.0,38.734873487348736
4.0,29.07120712071207
5.0,32.12211221122112
5.0,31.327532753275328
4.0,27.263626362636263
9.0,41.85438543854386
7.0,37.32183218321832
4.0,28.23972397239724
9.0,39.056705670567055
6.0,36.2993299329933
8.0,39.56625662566257
6.0,34.16971697169717
8.0,40.603160316031605
8.0,38.6972697269727
5.0,31.193519351935194
8.0,37.902090209020905
7.0,35.33363336333633
4.0,28.705870587058705
8.0,37.4999499949995
5.0,32.495049504950494
6.0,33.77457745774578
7.0,36.141514151415144
6.0,33.61196119611961
6.0,38.45914591459146
4.0,28.536053605360536
4.0,29.83218321832183
5.0,32.78347834783478
8.0,39.407040704070404
7.0,35.34633463346334
6.0,35.395439543954396
5.0,33.3044304430443
9.0,41.87088708870887
6.0,32.5987598759876
5.0,31.737173717371736
8.0,39.56105610561056
8.0,36.45224522452245
5.0,28.28822882288229
8.0,37.75427542754275
4.0,30.38913891389139
5.0,28.773577357735775
7.0,36.162316231623166
6.0,31.585758575857586
7.0,35.041504150415044
8.0,38.05770577057706
5.0,28.28092809280928
4.0,30.206220622062204
8.0,36.7008700870087
8.0,38.02460246024602
4.0,28.476447644764477
5.0,29.232923292329232
6.0,31.61006100610061
8.0,38.04880488048805
8.0,38.941994199419945
8.0,36.26902690269027
8.0,38.28042804280428
8.0,39.70797079707971
8.0,38.82528252825283
7.0,35.485448544854485
4.0,29.544654465446545
7.0,32.94829482948295
6.0,33.792579257925794
5.0,30.00830083008301
9.0,40.58445844584458
6.0,38.09240924092409
7.0,34.62016201620162
4.0,34.423442344234424
5.0,34.444944494449445
4.0,27.415441544154415
7.0,37.11201120112011
4.0,27.27812781278128
9.0,39.27542754275427
6.0,37.28112811281128
6.0,31.785478547854787
9.0,39.18021802180218
4.0,28.135813581358136
6.0,30.546954695469548
9.0,40.73887388738874
9.0,38.504950495049506
6.0,34.70787078707871
8.0,40.36803680368037
8.0,38.18741874187419
7.0,32.92919291929193
6.0,31.75817581758176
8.0,41.58895889588959
5.0,30.624462446244625
4.0,29.841784178417843
9.0,40.995899589958995
8.0,37.27972797279728
8.0,37.86698669866987
9.0,39.885688568856885
8.0,37.733573357335736
5.0,31.18051805180518
5.0,27.580258025802582
4.0,28.346934693469347
6.0,35.11001100110011
4.0,26.63096309630963
4.0,29.86998699869987
5.0,31.801580158015803
7.0,35.75687568756876
8.0,40.21842184218422
6.0,31.5002500250025
4.0,31.743574357435744
8.0,37.664766476647664
4.0,30.64926492649265
5.0,29.72897289728973
6.0,33.71947194719472
6.0,33.735573557355735
9.0,41.03550355035504
8.0,39.94959495949595
7.0,34.224622462246224
5.0,31.616261626162615
7.0,36.47164716471647
8.0,38.13091309130913
4.0,28.344934493449344
6.0,34.631763176317634
6.0,33.11971197119712
7.0,38.691869186918694
5.0,30.624262426242623
6.0,32.83108310831083
4.0,26.717671767176718
4.0,27.12971297129713
5.0,33.73987398739874
8.0,34.72047204720472
5.0,33.57365736573657
5.0,29.5975597559756
7.0,34.67086708670867
7.0,36.045304530453045
4.0,26.106410641064105
6.0,31.541954195419542
9.0,41.67366736673667
5.0,31.58935893589359
9.0,39.37153715371537
7.0,35.45744574457446
8.0,37.81908190819082
8.0,39.38523852385239
7.0,35.2971297129713
6.0,34.92899289928993
7.0,37.240324032403244
4.0,28.523852385238524
5.0,28.163216321632163
4.0,27.092509250925094
4.0,30.27042704270427
6.0,35.51125112511251
9.0,39.45024502450245
6.0,36.89338933893389
8.0,35.29302930293029
8.0,39.92979297929793
5.0,32.85928592859286
7.0,39.154215421542155
5.0,31.72047204720472
5.0,30.678167816781677
9.0,41.17051705170517
4.0,27.123612361236123
6.0,33.943194319431946
5.0,34.075707570757075
8.0,39.09000900090009
7.0,32.26042604260426
5.0,30.85938593859386
4.0,27.054605460546053
4.0,30.021702170217022
5.0,28.211321132113213
7.0,38.16211621162116
4.0,27.55095509550955
5.0,29.36823682368237
6.0,34.79077907790779
4.0,29.10711071107111
9.0,40.25162516251625
5.0,28.357735773577357
4.0,31.624962496249626
5.0,28.984498449844985
6.0,32.50835083508351
7.0,34.48984898489849
7.0,35.61046104610461
6.0,34.48324832483248
7.0,36.58835883588359
3.0,24.9004900490049
6.0,36.23372337233723
8.0,39.00460046004601
5.0,32.32563256325633
7.0,34.48904890489049
6.0,33.356235623562355
8.0,37.784878487848786
5.0,30.8987898789879
8.0,34.92449244924492
5.0,32.85608560856085
5.0,32.48504850485048
10.0,40.8978897889789
8.0,41.45074507450745
6.0,28.813481348134815
8.0,38.49274927492749
8.0,36.183818381838186
9.0,39.43844384438444
5.0,35.2977297729773
5.0,25.665466546654667
8.0,37.53265326532653
4.0,25.747074707470748
6.0,33.64266426642664
7.0,40.09550955095509
5.0,31.297029702970296
9.0,39.96819681968197
8.0,39.230823082308234
8.0,39.66686668666867
3.0,26.34803480348035
6.0,34.647664766476645
9.0,41.15441544154415
3.0,27.6976697669767
4.0,27.75067506750675
4.0,31.738073807380736
7.0,36.73777377737774
5.0,29.010901090109012
6.0,33.32033203320332
5.0,31.96839683968397
8.0,37.855985598559855
5.0,31.1022102210221
8.0,38.82828282828283
5.0,31.152715271527153
4.0,27.577557755775576
5.0,31.04270427042704
7.0,36.96519651965197
6.0,34.43994399439944
4.0,28.048004800480047
5.0,31.356335633563358
8.0,36.095409540954094
5.0,25.037603760376037
8.0,40.893289328932894
7.0,35.06280628062806
8.0,40.18861886188619
5.0,33.764676467646765
7.0,36.896389638963896
4.0,32.74217421742174
4.0,25.239223922392238
6.0,31.541654165416542
4.0,27.33913391339134
5.0,30.423042304230425
9.0,41.05440544054405
9.0,38.56495649564957
7.0,31.753075307530754
9.0,40.383338333833386
7.0,37.61576157615762
7.0,35.14111411141114
4.0,30.665266526652665
8.0,35.498749874987496
9.0,41.664766476647664
5.0,32.16161616161616
6.0,34.88158815881588
4.0,28.82928292829283
7.0,40.23642364236424
10.0,40.33513351335134
7.0,36.743774377437745
6.0,38.36783678367837
8.0,37.47944794479448
4.0,27.447244724472448
9.0,41.25702570257026
7.0,36.86808680868087
4.0,28.111011101110112
4.0,29.45884588458846
4.0,29.199019901990198
5.0,30.565456545654566
7.0,35.19121912191219
7.0,35.924992499249925
4.0,28.978697869786977
5.0,30.696069606960695
4.0,31.835283528352836
6.0,36.52365236523652
9.0,39.066106610661066
6.0,35.00880088008801
4.0,25.642064206420642
7.0,36.27812781278128
7.0,35.999699969996996
7.0,34.755175517551756
6.0,33.86568656865686
5.0,32.58395839583958
6.0,34.838183818381836
6.0,35.711471147114715
4.0,29.283728372837285
7.0,37.35223522352235
9.0,41.486648664866486
7.0,39.0988098809881
4.0,28.324932493249324
4.0,30.458045804580458
8.0,38.37033703370337
5.0,33.23802380238024
8.0,36.73847384738474
7.0,35.55625562556256
6.0,30.232523252325233
8.0,36.90509050905091
9.0,40.84208420842084
9.0,40.884388438843885
7.0,36.11091109110911
9.0,40.25122512251225
5.0,27.7006700670067
8.0,39.426642664266424
6.0,34.922892289228926
5.0,32.66236623662366
7.0,32.633063306330634
4.0,27.55915591559156
8.0,41.731773177317734
6.0,29.12161216121612
6.0,38.51535153515351
4.0,33.7036703670367
5.0,28.823682368236824
6.0,36.356935693569355
5.0,31.478947894789478
6.0,36.01770177017702
4.0,27.873987398739875
3.0,26.223022302230223
6.0,33.17871787178718
4.0,28.586358635863586
4.0,21.99079907990799
5.0,30.55675567556756
9.0,40.67756775677568
9.0,36.44524452445245
5.0,31.23212321232123
9.0,41.77377737773777
7.0,34.102910291029104
7.0,37.884388438843885
3.0,27.943794379437943
8.0,39.42764276427643
6.0,34.53385338533853
5.0,26.34803480348035
5.0,32.864686468646866
6.0,32.06900690069007
7.0,34.87078707870787
6.0,31.217021702170218
7.0,38.22402240224022
8.0,35.16021602160216
6.0,33.91919191919192
6.0,36.625962596259626
5.0,29.287128712871286
8.0,37.36903690369037
8.0,41.054705470547056
5.0,30.802780278027804
8.0,37.95179517951795
8.0,36.73827382738274
4.0,29.116611661166118
7.0,36.81448144814482
3.0,26.305930593059305
7.0,36.206720672067206
8.0,38.51945194519452
4.0,28.267026702670268
6.0,36.79137913791379
7.0,35.23222322232223
4.0,26.985898589858987
9.0,40.47154715471547
5.0,31.921992199219922
9.0,39.4972497249725
4.0,30.16031603160316
6.0,37.65036503650365
4.0,28.346234623462347
4.0,30.656565656565657
4.0,27.952595259525953
5.0,30.4018401840184
4.0,26.993099309930994
7.0,36.38233823382338
5.0,30.001600160016
5.0,31.63936393639364
5.0,30.898489848984898
6.0,32.34093409340934
6.0,31.095109510951094
5.0,33.31013101310131
5.0,30.82938293829383
3.0,25.833983398339836
6.0,33.64956495649565
3.0,27.08040804080408
9.0,35.41014101410141
8.0,41.262426242624265
8.0,39.685668566856684
8.0,42.063706370637064
4.0,28.023102310231025
7.0,37.24332433243325
9.0,38.57835783578358
7.0,36.16851685168517
5.0,32.434043404340436
8.0,38.7054705470547
8.0,37.12281228122812
6.0,35.773677367736774
5.0,29.61966196619662
7.0,38.57015701570157
5.0,32.48784878487849
5.0,28.6998699869987
7.0,37.779277927792776
5.0,33.385438543854384
4.0,27.106210621062107
6.0,36.73057305730573
6.0,36.72907290729073
8.0,39.01440144014401
5.0,34.59015901590159
3.0,26.965796579657965
4.0,29.98899889988999
8.0,37.79657965796579
8.0,37.325232523252325
6.0,37.28892889288929
9.0,37.80798079807981
8.0,39.3978397839784
8.0,38.42244224422442
8.0,40.14181418141814
9.0,36.12111211121112
4.0,24.97979797979798
6.0,36.15331533153315
5.0,33.40354035403541
5.0,28.892089208920893
5.0,31.067706770677066
7.0,37.91789178917892
9.0,32.27982798279828
8.0,41.52575257525753
5.0,29.697169716971697
5.0,31.917791779177918
6.0,35.88338833883388
5.0,29.965896589658964
8.0,36.75927592759276
5.0,32.1000100010001
4.0,24.86708670867087
6.0,36.11841184118412
5.0,36.81508150815082
6.0,32.7047704770477
4.0,27.73027302730273
6.0,31.343834383438345
4.0,26.148114811481147
7.0,34.74477447744774
8.0,34.3985398539854
5.0,33.42074207420742
4.0,29.581158115811583
5.0,34.02930293029303
8.0,40.46824682468247
6.0,33.71417141714171
7.0,32.864186418641864
4.0,27.57275727572757
8.0,38.67766776677668
8.0,39.736273627362735
3.0,29.02180218021802
4.0,27.52305230523052
4.0,28.48914891489149
4.0,21.773077307730773
6.0,35.17341734173417
9.0,36.83748374837484
4.0,30.536053605360536
6.0,36.41724172417242
5.0,32.964196419641965
7.0,38.31033103310331
5.0,33.185818581858186
5.0,32.8948894889489
4.0,26.90789078907891
7.0,34.903290329032906
8.0,40.72147214721472
6.0,29.33143314331433
6.0,32.19141914191419
4.0,33.14391439143915
4.0,26.944394439443943
8.0,37.77047704770477
5.0,27.86248624862486
10.0,40.959795979597956
3.0,29.21142114211421
8.0,39.673467346734675
8.0,39.4989498949895
5.0,28.946694669466947
7.0,34.72597259725973
4.0,25.314131413141315
6.0,32.78847884788479
4.0,28.633863386338636
5.0,30.81858185818582
7.0,37.41724172417242
6.0,37.544954495449545
6.0,36.26462646264626
9.0,40.12031203120312
5.0,33.22422242224222
4.0,29.84898489848985
6.0,32.77567756775677
7.0,36.40664066406641
6.0,32.12141214121412
7.0,38.215721572157214
4.0,27.012701270127014
4.0,26.875287528752875
8.0,40.25902590259026
9.0,39.80568056805681
6.0,35.62076207620762
5.0,30.615661566156614
6.0,33.12981298129813
5.0,30.052705270527053
8.0,35.58175817581758
5.0,29.765376537653765
9.0,40.87968796879688
5.0,31.60906090609061
4.0,27.338633863386338
9.0,38.52015201520152
6.0,31.316131613161318
7.0,36.85138513851385
3.0,25.408940894089408
5.0,33.32433243324333
5.0,34.32923292329233
4.0,25.475447544754477
4.0,30.70837083708371
7.0,35.846984698469846
5.0,31.825782578257826
8.0,39.878087808780876
5.0,29.327232723272328
4.0,28.882688268826882
5.0,34.91379137913791
4.0,29.211321132113213
5.0,32.03660366036603
4.0,27.38023802380238
6.0,34.346234623462344
6.0,33.77527752775278
8.0,39.415041504150416
5.0,32.161716171617165
7.0,35.84168416841684
7.0,38.58755875587559
7.0,30.897889788978897
4.0,26.838383838383837
4.0,23.294129412941295
7.0,35.60546054605461
4.0,29.983898389838984
5.0,36.194819481948194
6.0,31.067006700670067
5.0,31.336333633363335
9.0,38.37123712371237
4.0,23.923992399239925
6.0,31.97239723972397
6.0,31.475647564756475
8.0,41.7978797879788
8.0,40.66496649664966
4.0,28.385138513851384
8.0,38.174517451745174
3.0,30.198019801980198
6.0,36.31403140314031
8.0,36.971797179717974
7.0,36.524752475247524
7.0,34.78217821782178
8.0,40.29382938293829
7.0,37.3959395939594
4.0,30.903990399039905
8.0,40.642464246424645
3.0,27.534253425342534
5.0,27.83848384838484
7.0,37.796979697969796
4.0,26.535753575357536
9.0,41.54665466546655
6.0,34.14941494149415
4.0,29.543854385438543
3.0,28.265726572657265
6.0,33.04300430043004
7.0,36.253525352535256
6.0,35.678667866786675
4.0,26.953795379537954
8.0,36.423342334233425
6.0,33.022402240224025
5.0,29.786078607860787
9.0,39.04130413041304
6.0,33.21872187218722
4.0,27.65036503650365
8.0,36.47154715471547
5.0,32.48824882488249
6.0,35.14621462146214
5.0,28.744574457445744
9.0,39.520252025202524
8.0,39.1019101910191
10.0,41.8015801580158
9.0,38.83788378837884
5.0,33.91819181918192
9.0,41.00970097009701
5.0,31.431443144314432
8.0,39.782378237823785
9.0,37.97519751975197
5.0,32.526552655265526
5.0,31.496249624962495
5.0,29.73077307730773
5.0,30.065906590659065
8.0,40.350535053505354
8.0,40.2993299329933
8.0,39.142714271427145
5.0,29.742274227422744
4.0,27.373737373737374
8.0,36.37083708370837
4.0,27.48914891489149
5.0,33.346234623462344
7.0,37.73347334733474
4.0,28.786278627862785
4.0,27.573457345734575
8.0,36.23862386238624
9.0,37.113111311131114
6.0,31.87898789878988
7.0,34.723572357235724
6.0,34.586758675867586
5.0,35.024902490249026
8.0,38.92659265926593
4.0,26.938193819381937
5.0,29.69036903690369
8.0,38.04220422042204
8.0,39.38813881388139
6.0,33.12081208120812
7.0,35.003200320032
4.0,28.24852485248525
8.0,37.48624862486248
6.0,32.92199219921992
8.0,39.16521652165216
6.0,32.367136713671364
4.0,26.40854085408541
4.0,26.76817681768177
8.0,40.78677867786779
5.0,27.348134813481348
4.0,29.644464446444644
8.0,38.180818081808184
4.0,27.394939493949394
9.0,38.46604660466046
5.0,30.899789978997898
5.0,29.847284728472847
6.0,32.482748274827486
10.0,42.7012701270127
6.0,34.812881288128814
7.0,35.064206420642066
6.0,36.9007900790079
7.0,36.05710571057106
3.0,27.15291529152915
6.0,31.675867586758677
4.0,28.941194119411943
5.0,31.54905490549055
9.0,40.79337933793379
9.0,38.48844884488449
9.0,38.21472147214722
5.0,33.65476547654765
3.0,29.55315531553155
5.0,31.698369836983698
6.0,35.44024402440244
5.0,31.553355335533553
8.0,40.80618061806181
8.0,39.017501750175015
7.0,37.77067706770677
5.0,29.869386938693868
7.0,37.734273427342735
4.0,29.170817081708172
7.0,37.70977097709771
9.0,41.397339733973396
8.0,38.84368436843685
5.0,32.622162216221625
8.0,40.0990099009901
7.0,37.03280328032803
5.0,30.208820882088208
7.0,35.43914391439144
8.0,39.477347734773474
9.0,38.57175717571757
8.0,40.88278827882788
9.0,40.81708170817082
4.0,26.783378337833785
8.0,36.45214521452145
4.0,27.93129312931293
8.0,37.18791879187919
4.0,24.97889788978898
8.0,42.00590059005901
4.0,29.032703270327033
6.0,35.18421842184218
5.0,27.486448644864485
7.0,37.225122512251225
4.0,28.82128212821282
5.0,26.29022902290229
6.0,35.31363136313632
8.0,33.43134313431343
7.0,35.37023702370237
6.0,34.14751475147515
5.0,32.498749874987496
6.0,34.21792179217922
9.0,40.86268626862686
7.0,34.011101110111014
7.0,40.039003900390036
8.0,38.72077207720772
5.0,34.344234423442344
5.0,30.813481348134815
4.0,29.915391539153916
8.0,41.72957295729573
3.0,25.352835283528353
4.0,29.906390639063908
4.0,29.725972597259727
4.0,25.955295529552956
6.0,28.823182318231822
5.0,34.12541254125413
10.0,35.92729272927293
4.0,26.281028102810282
4.0,31.39063906390639
5.0,28.86868686868687
9.0,39.68986898689869
4.0,28.96809680968097
7.0,37.13311331133113
7.0,37.63076307630763
8.0,39.84018401840184
5.0,34.36863686368637
4.0,31.145014501450145
5.0,32.402440244024405
5.0,32.43304330433043
5.0,29.014601460146014
5.0,28.188918891889188
5.0,30.463146314631462
8.0,40.713371337133715
8.0,38.33293329332933
6.0,36.03850385038504
9.0,37.96119611961196
7.0,37.813981398139816
8.0,39.066806680668066
7.0,34.688068806880686
4.0,27.705870587058705
6.0,38.05070507050705
7.0,37.412641264126414
6.0,34.3978397839784
4.0,27.458145814581457
4.0,28.3023302330233
7.0,33.31143114311431
7.0,31.780378037803782
5.0,34.4012401240124
8.0,37.14881488148815
9.0,41.042804280428044
4.0,30.725272527252724
5.0,31.745574557455747
5.0,30.547354735473547
4.0,27.977497749774976
8.0,40.25032503250325
4.0,31.959295929592958
6.0,35.983098309830986
4.0,29.55215521552155
6.0,33.12681268126813
4.0,32.53885388538854
9.0,41.116811681168116
7.0,36.33323332333233
6.0,34.41734173417342
5.0,32.435443544354435
8.0,38.34763476347635
7.0,36.193419341934195
4.0,26.87168716871687
8.0,41.66516651665167
9.0,41.072407240724075
8.0,36.826282628262824
5.0,28.82978297829783
7.0,35.016201620162015
4.0,30.274627462746274
7.0,36.003100310031
8.0,39.506250625062506
6.0,31.854285428542855
6.0,34.99099909990999
9.0,39.557055705570555
7.0,35.7984798479848
6.0,31.718971897189718
8.0,38.41224122412241
4.0,27.652965296529654
6.0,36.12611261126113
4.0,25.365236523652364
7.0,34.58815881588159
5.0,33.971197119711974
4.0,29.187718771877186
9.0,40.31173117311731
8.0,40.76497649764976
8.0,36.04160416041604
5.0,33.519651965196516
5.0,25.356735673567357
7.0,36.094109410941094
9.0,40.89098909890989
6.0,33.683068306830684
4.0,27.2014201420142
6.0,35.94569456945695
6.0,34.575957595759576
5.0,28.546954695469548
6.0,35.904690469046905
5.0,29.30973097309731
3.0,26.146314631463145
5.0,29.612761276127614
10.0,36.81068106810681
6.0,35.93119311931193
4.0,28.382238223822384
4.0,32.24442444244424
6.0,32.75987598759876
5.0,32.04950495049505
8.0,40.04930493049305
6.0,33.49184918491849
9.0,38.61976197619762
9.0,40.49024902490249
8.0,39.44254425442544
7.0,35.91819181918192
5.0,28.693169316931694
5.0,34.95579557955796
4.0,27.292129212921292
4.0,25.32843284328433
8.0,34.000400040004
7.0,34.477247724772475
10.0,39.742474247424745
9.0,41.212521252125214
4.0,27.539753975397538
9.0,40.63156315631563
5.0,29.03060306030603
5.0,28.823782378237823
6.0,37.05380538053805
5.0,31.96969696969697
8.0,42.01340134013402
5.0,29.35073507350735
6.0,33.1013101310131
5.0,28.436443644364438
7.0,36.67076707670767
7.0,39.47104710471047
7.0,39.046704670467044
5.0,33.348034803480346
7.0,37.34043404340434
5.0,29.997899789978998
7.0,41.31533153315331
4.0,30.304830483048306
8.0,37.58375837583758
4.0,28.094909490949096
5.0,30.366536653665367
4.0,26.665166516651666
6.0,32.54735473547355
4.0,23.1992199219922
5.0,34.856685668566854
5.0,30.412141214121412
5.0,32.42384238423843
8.0,38.45724572457246
7.0,35.62116211621162
5.0,27.654465446544656
6.0,34.4998499849985
8.0,40.646364636463645
6.0,37.538653865386536
7.0,36.757775777577756
7.0,36.53725372537254
5.0,35.11771177117712
7.0,38.72057205720572
8.0,37.427242724272425
7.0,35.01270127012701
7.0,36.87828782878288
5.0,36.073807380738074
8.0,39.086608660866084
6.0,34.12871287128713
6.0,31.24892489248925
8.0,36.31733173317332
5.0,32.537953795379536
7.0,35.19181918191819
4.0,26.881688168816883
5.0,30.964796479647966
7.0,36.964796479647966
6.0,35.873687368736874
4.0,29.212021202120212
5.0,35.09110911091109
7.0,34.61166116611661
6.0,36.0945094509451
9.0,40.98939893989399
5.0,29.750975097509752
7.0,37.93959395939594
5.0,33.97009700970097
4.0,27.83278327832783
8.0,38.50815081508151
9.0,36.74347434743474
5.0,29.466846684668468
8.0,37.85138513851385
8.0,37.28492849284928
9.0,39.74087408740874
8.0,32.6035603560356
9.0,34.80628062806281
8.0,41.33863386338634
6.0,35.91379137913791
6.0,36.31883188318832
7.0,36.16831683168317
8.0,41.277727772777276
8.0,40.46814681468147
9.0,39.01760176017602
8.0,38.95369536953695
5.0,34.78527852785278
4.0,27.614161416141613
8.0,37.14231423142314
6.0,35.78197819781978
7.0,36.825482548254826
7.0,35.02060206020602
8.0,34.08740874087409
4.0,29.015601560156014
9.0,38.54135413541354
4.0,29.696469646964697
5.0,33.776677667766776
4.0,29.311731173117312
9.0,42.23012301230123
8.0,38.43974397439744
5.0,30.655165516551655
6.0,32.72967296729673
6.0,35.256125612561256
7.0,38.37133713371337
5.0,27.52015201520152
8.0,37.786878687868786
5.0,33.0971097109711
4.0,27.24702470247025
8.0,39.617161716171616
5.0,24.826882688268828
4.0,28.434143414341435
7.0,36.51545154515451
4.0,28.380438043804382
4.0,27.67706770677068
4.0,30.188318831883187
7.0,35.43084308430843
10.0,41.32673267326733
8.0,40.78607860786079
4.0,28.743374337433742
6.0,31.92139213921392
6.0,37.87778777877788
8.0,39.747074707470745
8.0,37.94539453945394
4.0,30.047604760476048
9.0,37.18691869186919
5.0,35.841384138413844
7.0,36.86818681868187
5.0,34.06260626062606
7.0,37.707670767076706
3.0,30.455145514551454
7.0,39.21782178217822
9.0,41.32743274327433
8.0,37.70857085708571
9.0,40.320132013201324
5.0,28.22922292229223
7.0,35.75047504750475
6.0,32.552455245524555
6.0,29.378537853785378
7.0,38.23512351235124
6.0,35.89188918891889
9.0,38.49314931493149
4.0,28.882988298829883
6.0,34.24812481248125
7.0,35.958495849584956
8.0,41.81808180818082
4.0,28.785278527852785
6.0,36.078207820782076
8.0,35.693069306930695
7.0,36.06650665066507
8.0,36.31093109310931
5.0,32.24312431243124
5.0,30.915291529152917
9.0,38.64036403640364
7.0,37.245424542454245
8.0,36.82018201820182
7.0,37.648264826482645
9.0,39.33933393339334
3.0,30.62996299629963
8.0,39.06970697069707
6.0,38.765476547654764
7.0,36.243524352435244
7.0,38.873687368736874
5.0,33.82148214821482
8.0,35.351135113511354
4.0,32.70907090709071
8.0,35.81928192819282
6.0,36.248024802480245
5.0,32.588658865886586
9.0,38.53995399539954
6.0,32.118111811181116
3.0,28.914391439143916
4.0,32.582358235823584
6.0,36.40964096409641
6.0,30.11841184118412
8.0,35.368336833683365
8.0,41.67526752675268
7.0,36.32753275327533
8.0,41.11611161116112
5.0,33.684268426842685
7.0,36.95059505950595
9.0,38.65416541654165
4.0,28.62246224622462
9.0,36.13851385138514
5.0,31.032503250325032
9.0,40.43074307430743
7.0,36.50935093509351
9.0,39.96369636963696
4.0,29.819081908190817
5.0,30.04300430043004
7.0,37.05850585058506
6.0,35.86438643864386
9.0,36.66636663666367
5.0,34.75857585758576
9.0,40.24142414241424
8.0,37.44024402440244
5.0,31.23122312231223
8.0,35.9024902490249
5.0,29.938393839383938
9.0,41.17541754175418
5.0,34.44074407440744
5.0,31.76307630763076
8.0,34.91149114911491
6.0,35.53765376537654
5.0,30.706170617061705
7.0,38.8982898289829
8.0,37.882388238823886
8.0,38.80858085808581
4.0,28.314131413141315
6.0,34.5000500050005
7.0,38.999199919992
7.0,37.61016101610161
6.0,35.66286628662866
8.0,36.725372537253726
7.0,36.08110811081108
7.0,37.35603560356036
6.0,34.61006100610061
4.0,27.946994699469947
5.0,29.675167516751674
6.0,33.927592759275925
5.0,33.794579457945794
7.0,38.18191819181918
4.0,28.800980098009802
7.0,36.57295729572957
8.0,36.198619861986195
9.0,40.7974797479748
3.0,26.793079307930793
5.0,30.186018601860187
5.0,29.71007100710071
4.0,30.833883388338833
9.0,39.06780678067807
6.0,35.13171317131713
4.0,24.31283128312831
4.0,30.77837783778378
4.0,28.853385338533855
7.0,36.61896189618962
4.0,30.45884588458846
6.0,33.211821182118214
4.0,27.112211221122113
8.0,37.36163616361636
8.0,38.15981598159816
8.0,36.77727772777278
4.0,30.40884088408841
6.0,34.56815681568157
7.0,36.52555255525552
7.0,35.47894789478948
9.0,40.275827582758275
5.0,31.17121712171217
6.0,36.71437143714371
7.0,35.4001400140014
4.0,27.54045404540454
9.0,40.20792079207921
4.0,31.939993999399938
8.0,37.41674167416742
3.0,27.035603560356037
4.0,29.906290629062905
7.0,36.88128812881288
5.0,34.3958395839584
6.0,35.03110311031103
6.0,33.155415541554156
8.0,40.038403840384035
4.0,28.764776477647764
6.0,34.95029502950295
6.0,35.973697369736975
7.0,38.36423642364237
4.0,27.694469446944694
9.0,37.4940494049405
7.0,34.394339433943394
6.0,35.22822282228223
7.0,38.468346834683466
8.0,37.98099809980998
7.0,34.26052605260526
9.0,37.57225722572257
4.0,25.48184818481848
9.0,38.971797179717974
8.0,37.183918391839185
4.0,27.47004700470047
8.0,33.59265926592659
7.0,37.18951895189519
9.0,39.72727272727273
7.0,38.017501750175015
4.0,26.776677667766776
5.0,32.69196919691969
5.0,31.36103610361036
8.0,38.42754275427543
8.0,39.91379137913791
5.0,33.943294329432945
8.0,36.962196219621966
6.0,35.364436443644365
5.0,30.92109210921092
5.0,34.24252425242524
8.0,38.96789678967897
3.0,31.66016601660166
5.0,33.23812381238124
4.0,29.794279427942794
5.0,30.628762876287627
8.0,33.04760476047605
6.0,32.038303830383036
7.0,38.94809480948095
5.0,25.712371237123712
5.0,33.310631063106314
4.0,25.755175517551756
8.0,39.32693269326933
8.0,35.05110511051105
8.0,35.68326832683268
8.0,38.55615561556156
7.0,34.37073707370737
4.0,32.686868686868685
4.0,27.684868486848686
6.0,32.926192619261926
6.0,33.24962496249625
9.0,40.3965396539654
5.0,33.77647764776478
9.0,40.91579157915792
9.0,40.68456845684568
5.0,27.796279627962797
4.0,31.143314331433142
10.0,41.32563256325633
5.0,30.106310631063106
7.0,36.81938193819382
7.0,39.202320232023204
7.0,36.37633763376338
6.0,34.21062106210621
5.0,32.98549854985499
7.0,34.82568256825682
7.0,36.3013301330133
7.0,36.541754175417545
4.0,29.54815481548155
8.0,34.31853185318532
4.0,28.716071607160718
5.0,31.731273127312733
7.0,29.201820182018203
6.0,34.01340134013402
4.0,28.648364836483648
6.0,36.01950195019502
9.0,39.65826582658266
5.0,32.088308830883086
6.0,37.584858485848585
8.0,40.514451445144516
9.0,37.073007300730076
9.0,38.35143514351435
3.0,28.342134213421343
6.0,37.39373937393739
4.0,30.01940194019402
5.0,29.544654465446545
7.0,35.873587358735875
5.0,29.216521652165216
7.0,36.71647164716472
5.0,30.483348334833483
10.0,39.24432443244324
5.0,29.454645464546456
5.0,28.203120312031203
7.0,36.66306630663066
7.0,37.04940494049405
8.0,39.644464446444644
4.0,28.55995599559956
6.0,34.833783378337834
5.0,29.731973197319732
4.0,27.766176617661767
8.0,39.137813781378135
5.0,27.827082708270826
4.0,31.396339633963397
5.0,33.891989198919894
6.0,34.33263326332633
5.0,29.41834183418342
5.0,35.504950495049506
7.0,36.273827382738276
4.0,28.277527752775278
4.0,28.198719871987198
4.0,32.801980198019805
5.0,32.54105410541054
8.0,39.45334533453345
8.0,38.53945394539454
7.0,35.44314431443144
6.0,37.44504450445044
6.0,36.12781278127813
4.0,26.3981398139814
5.0,31.822882288228822
7.0,37.05080508050805
8.0,40.23122312231223
9.0,39.24042404240424
5.0,32.13061306130613
5.0,30.650865086508652
4.0,31.263226322632264
8.0,40.02010201020102
7.0,34.36023602360236
5.0,26.65906590659066
4.0,27.823582358235825
4.0,32.07390739073907
8.0,36.992099209920994
6.0,33.223122312231226
3.0,30.16041604160416
3.0,31.535353535353536
4.0,27.575557555755577
7.0,36.6980698069807
8.0,39.12031203120312
5.0,30.730673067306732
6.0,34.53585358535854
7.0,33.54205420542054
7.0,36.8961896189619
4.0,31.534453445344536
4.0,30.25262526252625
6.0,34.41784178417842
7.0,37.720372037203724
8.0,38.14251425142514
7.0,37.52355235523552
5.0,27.783478347834784
4.0,33.446944694469444
8.0,38.04190419041904
5.0,28.223822382238225
9.0,35.60736073607361
5.0,30.020402040204022
4.0,27.275127512751276
7.0,39.50865086508651
1.0,27.66986698669867
7.0,37.35163516351635
8.0,35.87858785878588
10.0,36.81518151815182
8.0,37.80828082808281
7.0,38.37023702370237
5.0,29.1012101210121
8.0,41.31603160316032
6.0,30.896589658965897
4.0,30.21942194219422
5.0,32.27872787278728
7.0,38.408840884088406
5.0,27.84098409840984
8.0,38.88048804880488
7.0,35.647064706470644
4.0,29.108210821082107
4.0,28.416741674167415
7.0,34.22292229222922
4.0,27.50885088508851
5.0,34.07470747074707
4.0,28.136613661366138
8.0,40.557155715571554
5.0,31.865286528652867
8.0,37.804080408040804
10.0,38.2063206320632
5.0,34.61236123612361
4.0,26.842484248424842
5.0,33.02060206020602
8.0,39.52985298529853
4.0,29.554755475547555
5.0,30.745674567456746
6.0,32.34333433343334
4.0,30.98959895989599
8.0,35.65046504650465
8.0,37.116911691169115
5.0,29.71187118711871
8.0,42.034503450345035
5.0,30.293829382938295
5.0,32.33933393339334
5.0,32.422142214221424
5.0,28.913391339133913
7.0,30.759175917591758
8.0,38.393039303930394
3.0,31.943594359435945
5.0,32.05080508050805
4.0,26.960896089608962
8.0,40.302930293029306
6.0,33.11381138113811
4.0,29.42044204420442
10.0,40.831883188318834
8.0,35.240324032403244
5.0,31.856985698569858
9.0,39.5967596759676
4.0,29.595659565956595
6.0,32.201720172017204
8.0,37.87668766876688
9.0,40.323832383238326
7.0,40.14021402140214
8.0,41.318231823182316
7.0,35.3978397839784
5.0,33.28302830283028
6.0,33.06220622062206
8.0,37.9005900590059
4.0,27.677167716771677
3.0,27.76997699769977
5.0,28.676567656765677
8.0,37.94759475947595
5.0,25.909590959095908
8.0,41.999499949995
8.0,40.24052405240524
5.0,29.367436743674368
7.0,37.23352335233523
6.0,34.658365836583656
4.0,28.63166316631663
7.0,35.45664566456646
5.0,29.77107710771077
9.0,41.08990899089909
7.0,38.8012801280128
6.0,36.8984898489849
5.0,26.402040204020402
5.0,31.314531453145314
9.0,38.31843184318432
5.0,29.475047504750474
5.0,31.95279527952795
6.0,29.32983298329833
5.0,30.257225722572258
7.0,37.393439343934396
5.0,34.136613661366134
9.0,38.00990099009901
5.0,29.901890189018903
4.0,28.154315431543154
7.0,37.91029102910291
4.0,29.388038803880388
6.0,33.91399139913992
9.0,40.43014301430143
4.0,29.43864386438644
9.0,38.18561856185619
6.0,33.00590059005901
5.0,36.553255325532554
7.0,39.643764376437645
4.0,30.76307630763076
6.0,34.38873887388739
5.0,33.05710571057106
5.0,32.876787678767876
5.0,35.3994399439944
7.0,35.98609860986099
8.0,38.47414741474147
6.0,32.66876687668767
5.0,31.874787478747876
6.0,31.693569356935694
8.0,37.96989698969897
6.0,34.384138413841384
5.0,26.827882788278828
9.0,38.965596559655964
5.0,30.812681268126813
4.0,31.1004100410041
4.0,28.976097609760977
9.0,38.762676267626766
6.0,33.77377737773777
9.0,37.91109110911091
8.0,39.95419541954195
5.0,29.576857685768577
7.0,37.51065106510651
6.0,34.323932393239325
5.0,33.5983598359836
8.0,38.755275527552755
5.0,31.804980498049805
9.0,41.47924792479248
8.0,38.97419741974198
5.0,32.652565256525655
9.0,40.46154615461546
7.0,36.59335933593359
6.0,36.63796379637964
4.0,25.587958795879587
4.0,29.867286728672866
4.0,26.771777177717773
4.0,26.942194219421943
4.0,30.394439443944396
9.0,36.95939593959396
5.0,36.98539853985398
4.0,29.638563856385638
8.0,39.56875687568757
3.0,28.51895189518952
7.0,38.328332833283326
8.0,40.68406840684069
4.0,29.87088708870887
7.0,34.34143414341434
7.0,36.001100110011
3.0,28.985598559855987
5.0,29.166716671667167
6.0,31.552655265526553
4.0,27.964996499649963
5.0,34.48854885488549
8.0,39.583458345834586
6.0,33.14031403140314
6.0,33.23282328232823
4.0,30.24122412241224
5.0,25.221122112211223
8.0,39.018001800180016
9.0,39.84108410841084
5.0,29.005900590059007
5.0,30.266326632663265
3.0,26.377237723772378
9.0,39.1008100810081
8.0,36.773677367736774
5.0,31.68816881688169
8.0,37.06380638063806
5.0,28.72987298729873
5.0,28.234323432343235
5.0,32.66836683668367
5.0,26.462946294629464
8.0,38.852785278527854
10.0,38.07390739073907
5.0,30.79027902790279
5.0,30.78147814781478
5.0,31.387538753875386
4.0,24.858985898589857
7.0,38.14881488148815
5.0,28.51925192519252
6.0,34.582858285828586
3.0,27.267226722672266
8.0,39.54655465546555
8.0,40.20922092209221
5.0,31.55185518551855
8.0,37.42814281428143
8.0,39.183818381838186
5.0,30.134313431343134
4.0,25.228522852285227
7.0,36.54965496549655
6.0,33.72717271727173
7.0,35.10891089108911
9.0,34.48184818481848
8.0,37.46034603460346
7.0,37.625362536253625
6.0,34.364436443644365
5.0,28.935093509350935
5.0,30.965096509650966
8.0,38.54785478547855
4.0,29.257625762576257
4.0,27.55985598559856
5.0,30.91919191919192
9.0,40.90899089908991
8.0,37.75957595759576
7.0,37.942694269426944
4.0,27.585758575857586
8.0,37.74527452745274
5.0,28.829482948294828
5.0,31.514551455145515
4.0,32.071807180718075
8.0,39.32223222322232
4.0,30.593959395939596
3.0,24.743774377437745
8.0,39.81078107810781
6.0,37.085308530853084
5.0,29.482048204820483
9.0,41.37363736373637
6.0,34.27672767276728
4.0,27.421242124212423
4.0,26.811381138113813
7.0,36.07070707070707
6.0,38.03630363036304
8.0,39.6014601460146
7.0,36.07900790079008
4.0,34.72917291729173
6.0,35.991399139913995
5.0,36.42994299429943
5.0,32.61626162616262
9.0,42.65676567656766
4.0,29.862586258625864
6.0,30.846584658465847
8.0,37.85918591859186
6.0,30.02240224022402
5.0,30.154715471547156
8.0,36.9041904190419
4.0,29.386538653865387
5.0,24.362736273627362
5.0,31.485348534853486
5.0,33.711471147114715
5.0,29.49134913491349
4.0,28.53965396539654
5.0,30.366936693669366
7.0,36.20712071207121
5.0,28.304030403040304
6.0,35.49124912491249
4.0,28.03970397039704
8.0,40.39333933393339
8.0,39.24952495249525
9.0,37.50775077507751
5.0,31.936093609360935
4.0,30.07020702070207
7.0,32.582958295829584
6.0,37.01660166016602
7.0,37.58325832583258
5.0,31.464046404640463
5.0,30.5999599959996
10.0,39.43084308430843
7.0,36.08230823082308
5.0,30.25902590259026
4.0,28.63026302630263
5.0,28.12101210121012
5.0,29.538453845384538
5.0,33.45784578457846
5.0,33.42064206420642
6.0,37.241524152415245
8.0,38.36333633363336
8.0,39.521452145214525
7.0,38.64596459645965
5.0,29.374137413741373
4.0,30.552655265526553
5.0,30.038503850385037
8.0,37.29082908290829
5.0,29.53965396539654
4.0,24.026102610261027
9.0,39.519651965196516
4.0,26.100810081008103
7.0,28.453845384538454
9.0,39.41494149414942
6.0,35.97259725972597
8.0,37.17151715171517
5.0,30.912391239123913
5.0,32.573457345734575
8.0,36.78867886788679
6.0,34.06970697069707
5.0,33.071207120712074
6.0,31.504150415041504
8.0,41.07970797079708
5.0,31.313231323132314
6.0,33.37733773377338
5.0,33.0980098009801
6.0,34.96659665966597
5.0,32.44404440444045
9.0,39.67186718671867
8.0,40.23312331233123
5.0,28.777577757775777
6.0,37.53965396539654
8.0,35.97099709970997
7.0,36.8955895589559
8.0,40.15911591159116
8.0,37.166916691669165
5.0,31.541354135413542
7.0,35.51235123512351
3.0,28.382838283828384
8.0,37.64976497649765
6.0,36.11851185118512
9.0,37.126912691269126
5.0,32.152315231523154
5.0,32.72727272727273
8.0,37.31293129312931
5.0,31.78847884788479
7.0,41.806680668066804
9.0,38.99239923992399
7.0,29.80808080808081
7.0,36.282028202820285
7.0,36.5993599359936
9.0,38.201620162016205
5.0,28.86838683868387
8.0,34.203620362036204
5.0,30.095509550955097
4.0,27.872887288728872
7.0,31.362136213621362
8.0,37.62946294629463
9.0,40.23432343234323
4.0,21.40754075407541
5.0,31.567056705670566
6.0,35.94289428942894
10.0,36.97129712971297
4.0,27.176417641764175
7.0,35.84538453845384
8.0,39.337833783378336
7.0,34.417141714171414
6.0,35.21022102210221
6.0,37.306830683068306
9.0,38.753975397539755
4.0,28.701770177017703
5.0,32.357035703570354
6.0,36.353735373537354
8.0,35.862786278627865
4.0,28.683168316831683
7.0,35.162416241624165
9.0,41.97469746974698
9.0,41.35163516351635
4.0,26.26922692269227
8.0,37.7942794279428
9.0,39.22982298229823
4.0,29.08080808080808
6.0,32.61116111611161
5.0,32.353135313531354
5.0,27.118911891189118
5.0,30.91199119911991
4.0,33.24062406240624
6.0,33.93339333933393
7.0,36.62936293629363
6.0,32.43074307430743
7.0,36.72997299729973
6.0,34.31093109310931
7.0,33.24962496249625
4.0,29.796379637963796
9.0,38.45044504450445
4.0,26.633163316331633
8.0,37.65676567656766
6.0,33.844584458445844
5.0,33.753275327532755
4.0,29.673667366736673
9.0,39.2976297629763
6.0,34.72967296729673
4.0,26.48054805480548
6.0,36.74687468746875
7.0,36.25902590259026
7.0,32.968696869686966
6.0,35.2999299929993
7.0,35.57635763576358
3.0,26.722472247224722
4.0,25.91089108910891
5.0,34.32973297329733
5.0,30.338133813381337
9.0,38.79357935793579
4.0,27.56265626562656
7.0,35.56865686568657
4.0,27.584358435843583
5.0,31.615061506150614
9.0,39.35093509350935
5.0,30.91049104910491
8.0,41.58125812581258
9.0,39.239123912391236
8.0,38.9005900590059
6.0,32.757775777577756
4.0,26.987198719871987
8.0,33.58965896589659
6.0,33.93989398939894
8.0,36.23762376237624
4.0,27.094409440944094
6.0,34.78957895789579
9.0,38.33173317331733
9.0,36.84088408840884
6.0,38.08340834083408
9.0,38.674067406740676
4.0,30.586158615861585
6.0,32.47004700470047
7.0,38.997299729972994
8.0,38.33863386338634
5.0,31.345034503450346
8.0,40.02940294029403
9.0,40.39033903390339
6.0,36.71997199719972
6.0,33.47314731473147
5.0,32.12281228122812
7.0,33.64346434643464
7.0,38.26522652265226
5.0,36.674167416741675
5.0,29.16021602160216
5.0,33.27812781278128
4.0,27.84968496849685
4.0,28.676067606760675
5.0,30.85878587858786
4.0,28.500450045004502
8.0,37.25032503250325
4.0,32.05190519051905
5.0,33.056605660566056
7.0,35.22802280228023
6.0,32.56055605560556
9.0,38.57495749574957
6.0,36.74607460746075
7.0,38.2989298929893
9.0,40.936493649364934
9.0,40.665366536653664
4.0,26.424142414241423
9.0,40.4000400040004
6.0,34.13091309130913
8.0,38.12601260126013
6.0,33.140914091409144
8.0,38.166216621662166
9.0,38.92119211921192
6.0,32.77217721772177
6.0,34.315031503150315
7.0,34.694469446944694
9.0,38.29042904290429
7.0,37.366336633663366
5.0,30.306130613061306
6.0,33.56425642564256
9.0,42.03230323032303
9.0,40.83958395839584
5.0,25.435043504350435
3.0,28.252725272527254
4.0,30.453345334533452
5.0,28.721472147214723
8.0,32.417741774177415
8.0,38.24762476247625
4.0,28.085108510851086
6.0,34.10711071107111
9.0,39.886988698869885
8.0,37.81378137813781
5.0,28.93149314931493
4.0,29.033603360336034
4.0,31.575657565756575
5.0,28.96939693969397
9.0,39.689368936893686
5.0,32.171317131713174
8.0,33.045304530453045
7.0,36.2021202120212
6.0,36.22822282228223
7.0,36.42294229422942
6.0,35.94189418941894
5.0,31.333233323332333
6.0,35.32873287328733
4.0,28.831383138313832
5.0,29.11121112111211
7.0,31.355635563556355
9.0,40.30893089308931
5.0,29.647764776477647
6.0,35.786978697869785
4.0,28.284028402840285
4.0,28.781578157815783
3.0,28.180618061806182
5.0,33.751375137513755
8.0,37.13151315131513
8.0,38.17721772177218
4.0,26.972897289728973
8.0,38.575257525752576
8.0,38.38503850385038
6.0,32.83618361836184
8.0,38.67456745674568
8.0,36.96729672967297
6.0,34.058005800580055
7.0,35.91879187918792
10.0,39.83338333833383
6.0,35.72507250725072
9.0,39.71767176717672
4.0,30.23072307230723
4.0,26.27002700270027
5.0,32.93199319931993
9.0,39.72777277727773
8.0,39.02580258025802
5.0,32.322032203220324
8.0,37.62576257625763
5.0,36.6968696869687
9.0,37.205520552055205
4.0,26.683768376837683
6.0,32.04690469046905
6.0,32.20842084208421
4.0,27.125512551255124
5.0,32.89348934893489
6.0,32.03410341034103
3.0,28.856585658565855
4.0,26.67806780678068
5.0,30.075407540754075
7.0,38.28632863286329
4.0,27.524852485248523
4.0,25.63196319631963
4.0,28.84048404840484
6.0,34.62896289628963
7.0,35.898989898989896
6.0,31.960896089608962
6.0,33.315731573157315
5.0,34.05570557055706
8.0,34.48854885488549
5.0,33.53455345534554
8.0,39.205420542054206
5.0,36.70957095709571
8.0,37.615361536153614
6.0,33.7988798879888
6.0,32.078307830783075
9.0,38.734973497349735
4.0,28.272427242724273
6.0,37.124412441244125
6.0,36.286028602860284
6.0,30.194519451945194
9.0,39.67786778677868
7.0,39.93909390939094
7.0,34.33183318331833
4.0,28.628162816281627
4.0,26.86738673867387
4.0,26.38973897389739
7.0,36.80688068806881
9.0,39.59255925592559
7.0,38.77647764776478
8.0,37.463146314631466
8.0,38.57825782578258
3.0,29.26852685268527
8.0,38.277027702770276
7.0,37.72827282728273
7.0,36.28012801280128
4.0,27.52115211521152
7.0,34.984998499849986
6.0,35.70967096709671
4.0,31.08800880088009
8.0,41.33023302330233
6.0,33.47444744474448
5.0,28.533153315331532
8.0,37.14911491149115
5.0,31.015401540154016
6.0,37.96439643964396
5.0,30.854785478547853
7.0,39.14111411141114
4.0,28.293829382938295
4.0,27.582058205820584
6.0,36.943294329432945
7.0,36.36673667366737
8.0,37.0987098709871
10.0,38.31233123312331
8.0,41.33863386338634
4.0,30.07850785078508
3.0,27.933793379337935
4.0,29.017301730173017
5.0,30.145114511451144
6.0,35.09260926092609
6.0,35.0983098309831
9.0,38.77947794779478
9.0,40.60936093609361
7.0,35.82528252825283
4.0,29.938493849384937
5.0,31.03950395039504
8.0,37.79147914791479
8.0,40.26152615261526
4.0,28.306030603060307
5.0,29.855285528552855
4.0,29.371537153715373
5.0,34.71367136713671
5.0,33.454945494549456
4.0,25.466446644664465
5.0,33.9025902590259
6.0,34.28812881288129
7.0,33.38703870387039
5.0,31.13941394139414
7.0,34.97959795979598
6.0,33.94179417941794
5.0,32.915491549154915
6.0,34.87028702870287
6.0,38.541154115411544
7.0,37.84488448844885
7.0,37.848284828482846
9.0,40.741274127412744
8.0,39.65086508650865
4.0,25.318731873187318
8.0,39.466346634663466
9.0,38.39633963396339
6.0,33.431643164316434
5.0,30.20802080208021
5.0,30.828882888288828
6.0,34.76687668766877
9.0,39.97019701970197
9.0,37.322032203220324
7.0,37.85758575857586
6.0,34.50985098509851
4.0,32.01080108010801
8.0,33.97989798979898
6.0,35.998899889989
4.0,25.753475347534753
7.0,36.906090609060904
7.0,34.73777377737774
5.0,36.16101610161016
5.0,34.805880588058805
5.0,29.76067606760676
7.0,35.5015501550155
4.0,29.995199519951996
8.0,38.16021602160216
3.0,28.705570557055704
5.0,31.257725772577256
4.0,32.24052405240524
8.0,33.47034703470347
9.0,41.35643564356435
5.0,29.868186818681867
5.0,34.98079807980798
6.0,36.79407940794079
4.0,29.00880088008801
6.0,33.18021802180218
9.0,38.952795279527955
7.0,39.5972597259726
7.0,32.253025302530254
5.0,31.28752875287529
4.0,32.897189718971894
5.0,27.59185918591859
7.0,35.92709270927093
7.0,36.326632663266324
3.0,29.30963096309631
4.0,28.15831583158316
8.0,36.92079207920792
5.0,31.084108410841083
5.0,30.53255325532553
5.0,32.13821382138214
5.0,29.038203820382037
9.0,40.44664466446645
9.0,40.38193819381938
7.0,33.507550755075506
7.0,33.86088608860886
7.0,35.57975797579758
8.0,40.3033303330333
3.0,27.12071207120712
6.0,28.85238523852385
5.0,33.50895089508951
7.0,34.03010301030103
7.0,36.89298929892989
5.0,31.724172417241725
9.0,37.71137113711371
3.0,27.852285228522852
8.0,37.8980898089809
4.0,25.995099509950997
6.0,35.07980798079808
4.0,27.895389538953896
9.0,40.898389838983896
5.0,31.56685668566857
8.0,40.65956595659566
9.0,36.36843684368437
5.0,33.47034703470347
4.0,27.197719771977198
5.0,26.628762876287627
7.0,37.71487148714871
4.0,28.533753375337533
8.0,35.54315431543154
4.0,27.884388438843885
7.0,35.2959295929593
9.0,39.7955795579558
9.0,38.421442144214424
5.0,28.76057605760576
9.0,38.82888288828883
5.0,32.047804780478046
6.0,34.2988298829883
8.0,38.17201720172017
8.0,39.73767376737674
5.0,31.53075307530753
4.0,28.265626562656266
3.0,29.820882088208823
4.0,25.49044904490449
8.0,38.34573457345734
7.0,36.02680268026803
5.0,33.012301230123015
7.0,39.168216821682165
4.0,28.102010201020104
9.0,39.26892689268927
5.0,29.806580658065805
7.0,33.6040604060406
9.0,36.73387338733873
6.0,31.2987298729873
6.0,33.98159815981598
5.0,29.00990099009901
4.0,27.743174317431745
4.0,33.52685268526853
5.0,31.55315531553155
4.0,26.52925292529253
8.0,37.38843884388439
7.0,38.1031103110311
9.0,40.84888488848885
7.0,38.40974097409741
5.0,32.66836683668367
6.0,33.885688568856885
8.0,37.51695169516952
7.0,35.50745074507451
5.0,30.534853485348535
6.0,36.601360136013604
6.0,35.22342234223422
7.0,32.64516451645164
8.0,39.864086408640865
5.0,25.13041304130413
8.0,37.21732173217322
8.0,40.49444944494449
8.0,39.04820482048205
5.0,33.18731873187319
9.0,39.01910191019102
7.0,33.64406440644064
9.0,38.79297929792979
8.0,40.742574257425744
5.0,29.80788078807881
9.0,39.037103710371035
7.0,37.58135813581358
5.0,31.84738473847385
8.0,35.14161416141614
7.0,35.10591059105911
8.0,37.69326932693269
6.0,35.04350435043504
8.0,40.05370537053705
7.0,37.73097309730973
10.0,40.9011901190119
3.0,27.84908490849085
8.0,38.355735573557354
5.0,29.772977297729774
8.0,39.998399839983996
5.0,31.6997699769977
4.0,27.647064706470648
6.0,31.621662166216623
5.0,26.85998599859986
7.0,39.37863786378638
6.0,36.29002900290029
6.0,36.474047404740475
8.0,36.878187818781875
7.0,37.63956395639564
6.0,34.32633263326333
8.0,34.33223322332233
5.0,29.88908890889089
5.0,29.722372237223723
5.0,32.325732573257326
7.0,35.58925892589259
5.0,30.64016401640164
8.0,38.77827782778278
8.0,36.28312831283128
6.0,35.694969496949696
8.0,36.07390739073907
7.0,34.54665466546655
6.0,36.198019801980195
4.0,28.242124212421242
5.0,30.078407840784077
7.0,36.95179517951795
6.0,34.456945694569455
7.0,33.98719871987199
5.0,29.066406640664066
6.0,37.02400240024002
6.0,37.401140114011405
4.0,29.61756175617562
4.0,27.592659265926592
6.0,35.52485248524852
7.0,36.417741774177415
9.0,39.15131513151315
4.0,25.666966696669668
5.0,26.894989498949894
7.0,36.2983298329833
6.0,37.76007600760076
4.0,32.622862286228624
4.0,25.896589658965897
9.0,36.89058905890589
9.0,40.87968796879688
7.0,33.54025402540254
6.0,34.52515251525153
4.0,29.782578257825783
7.0,38.69456945694569
8.0,39.50795079507951
9.0,39.16271627162716
8.0,35.04740474047405
6.0,33.88088808880888
6.0,29.74867486748675
5.0,32.744574457445744
4.0,26.13911391139114
5.0,36.12781278127813
4.0,35.922892289228926
4.0,26.100510051005102
7.0,36.8967896789679
8.0,39.5022502250225
5.0,33.63586358635864
5.0,33.01270127012701
6.0,34.56055605560556
5.0,30.102310231023104
4.0,31.276427642764276
4.0,31.694369436943695
5.0,31.692369236923692
6.0,37.62306230623062
5.0,31.658565856585657
3.0,27.00670067006701
4.0,30.093909390939093
7.0,36.64916491649165
5.0,27.96779677967797
7.0,36.86638663866387
8.0,41.02050205020502
8.0,38.72837283728373
4.0,27.916991699169916
9.0,42.405540554055406
9.0,35.85488548854885
9.0,38.8987898789879
8.0,37.828082808280826
9.0,39.64086408640864
8.0,39.44374437443744
4.0,30.313631363136313
8.0,38.84808480848085
8.0,38.26812681268127
4.0,29.741974197419744
9.0,39.22902290229023
7.0,35.004700470047005
5.0,28.64146414641464
8.0,39.76197619761976
7.0,37.39013901390139
6.0,34.63256325632563
9.0,40.407040704070404
3.0,26.41934193419342
5.0,31.07860786078608
5.0,32.07210721072107
3.0,31.64816481648165
8.0,38.462546254625465
5.0,35.73667366736674
6.0,34.71627162716272
4.0,27.765476547654764
4.0,33.511951195119515
5.0,31.788678867886787
7.0,35.87018701870187
4.0,29.335433543354334
6.0,36.07470747074707
8.0,34.924892489248926
4.0,33.43244324432443
6.0,36.342334233423344
6.0,33.23702370237024
4.0,26.277227722772277
5.0,32.08910891089109
7.0,40.137113711371136
6.0,33.71107110711071
7.0,36.85298529852985
9.0,37.862286228622864
4.0,29.651865186518652
8.0,38.277027702770276
4.0,31.105610561056107
8.0,38.83738373837384
4.0,25.206220622062204
6.0,31.625062506250625
8.0,41.6047604760476
5.0,29.327632763276327
9.0,38.95189518951895
8.0,37.97769776977698
5.0,30.665966596659665
9.0,40.12221222122212
4.0,29.604560456045604
5.0,33.25852585258526
7.0,34.24632463246325
6.0,34.214921492149216
3.0,29.893789378937893
7.0,37.15831583158316
5.0,32.28372837283728
5.0,29.368136813681367
9.0,40.45774577457746
6.0,33.940794079407944
8.0,37.8015801580158
5.0,33.01060106010601
4.0,28.48984898489849
8.0,34.0957095709571
6.0,36.08890889088909
5.0,32.303530353035306
6.0,32.23162316231623
7.0,33.501950195019504
8.0,39.195419541954195
8.0,39.25312531253125
6.0,34.0992099209921
5.0,32.33813381338134
5.0,31.197219721972196
8.0,38.25992599259926
8.0,36.72047204720472
5.0,31.93929392939294
6.0,33.83338333833383
6.0,34.56035603560356
3.0,27.458445844584457
8.0,39.57045704570457
7.0,34.318231823182316
7.0,38.11411141114112
6.0,32.20472047204721
8.0,37.81508150815082
7.0,37.417741774177415
8.0,39.68986898689869
7.0,35.688168816881685
5.0,38.31683168316832
7.0,33.971797179717974
9.0,39.047904790479045
8.0,40.67836783678368
5.0,29.725572557255724
9.0,37.33113311331133
6.0,36.766676667666765
9.0,37.675567556755674
4.0,29.171417141714173
5.0,30.753675367536754
4.0,30.95959595959596
5.0,27.208820882088208
5.0,33.56555655565557
5.0,33.11381138113811
4.0,29.37233723372337
7.0,35.8002800280028
5.0,32.82718271827183
7.0,36.946594659465944
5.0,28.845584558455844
9.0,38.953995399539956
5.0,32.7973797379738
6.0,33.08820882088209
7.0,34.70867086708671
4.0,27.395439543954396
5.0,31.456145614561457
4.0,23.03200320032003
6.0,28.057205720572057
7.0,35.406940694069405
5.0,29.23012301230123
6.0,35.087008700870086
6.0,36.676667666766676
4.0,26.44714471447145
5.0,25.68686868686869
8.0,38.70437043704371
7.0,40.25222522252225
4.0,28.039103910391038
9.0,40.6965696569657
3.0,27.342434243424343
10.0,38.82338233823382
6.0,30.323532353235322
